episode,time_slot,uav_id,user_id,subchannel,power_level_dbm,distance_m,sinr_db,rss_dbm,qos_flag,reward
0,0,0,64,3,0.0,196.39441387702098,-0.9152114307465304,-88.26196732500227,0.0,5.385697410858549
0,0,1,50,3,23.0,763.2121414613467,5.115368041562418,-86.59977921081736,1.0,11.427461790415126
0,0,2,76,0,0.0,202.65450709931304,-3.6857050270261418,-95.40268000070472,0.0,2.559885104959581
0,1,0,14,1,23.0,111.51304995913527,27.38934301088374,-64.32763196279484,1.0,15.558439408420671
0,1,1,65,0,0.0,91.2908778981209,3.502018278919123,-84.7942676935211,1.0,8.469414915116298
0,1,2,77,0,23.0,646.2126907590629,6.84349025296933,-84.86444661396678,1.0,10.313632756717878
0,2,0,26,2,23.0,573.5334884385217,5.580921070110748,-86.13605390356784,1.0,15.440351990149598
0,2,1,73,0,11.5,287.488087397626,6.120554420197432,-85.30943724442302,1.0,10.134660992007673
0,2,2,13,0,23.0,416.89321001010285,4.442224563599584,-86.27658507219562,1.0,9.088195720554292
0,3,0,9,0,0.0,521.7970875481581,-10.966096917415074,-102.59946408069302,0.0,3.6896426015363
0,3,1,75,0,11.5,961.1001505284955,-11.98873088306176,-103.49001715723026,0.0,3.983383867760809
0,3,2,17,3,0.0,446.3697160326847,-15.16546589942548,-106.88244087310406,0.0,1.1302994905718318
0,4,0,34,0,23.0,745.4372516798747,7.010392444518798,-84.5274570858661,1.0,15.408331428654545
0,4,1,22,1,23.0,349.2609995272999,15.133371311102499,-76.5836036625761,1.0,18.213168531457214
0,4,2,0,0,0.0,98.08093635049815,-0.23370283847786483,-86.55090787474802,0.0,4.798500976405339
0,5,0,16,1,0.0,120.51436632538484,-4.16756310149971,-95.74634189531751,0.0,3.020465838131023
0,5,1,41,0,0.0,491.18214587456026,-13.695857131491332,-105.41283210516991,0.0,1.7448478350855903
0,5,2,40,1,11.5,1031.4686850464598,-11.913466028968134,-103.53606056171796,0.0,3.19240608963611
0,6,0,16,0,0.0,120.69389932894484,-0.5054500126045717,-91.82220953195987,0.0,3.3640636275123916
0,6,1,56,3,0.0,149.01235698959752,-2.834389478175507,-94.5513644518541,0.0,1.7879867582790738
0,6,2,77,0,11.5,631.2275961317669,-9.477320449199313,-101.18888564868084,0.0,2.86576366548429
0,7,0,69,3,23.0,736.135382738467,1.586594538934927,-90.13038043474366,0.0,11.952542469733682
0,7,1,28,2,11.5,331.21690361380564,-2.0553844889758315,-93.77235946265442,0.0,9.896032687384007
0,7,2,11,0,11.5,379.55413028591215,-0.6412633295737914,-92.35823830325238,0.0,11.87294755061705
0,8,0,37,0,0.0,148.61563074741287,-7.709247821072244,-99.36902524458156,0.0,1.9890089922939274
0,8,1,65,2,11.5,84.34688087751258,17.60440604318962,-74.11256893048898,1.0,4.172895759810183
0,8,2,47,0,0.0,309.8246919317523,-7.664149028935886,-99.37012180717383,0.0,1.7913508002313399
0,9,0,29,0,11.5,271.4309512462496,1.7155434362482211,-90.00143153743038,0.0,6.146512562727507
0,9,1,46,1,0.0,147.4963533949752,-4.453368114284379,-96.17034308796298,0.0,4.449431501746192
0,9,2,57,2,23.0,784.0298049005112,8.629600823202946,-83.08737415047565,1.0,10.505179402470855
0,10,0,39,1,0.0,387.1273113884927,-5.488907559691825,-96.25927255576734,0.0,3.2703598039147415
0,10,1,7,1,11.5,499.1122738504649,-8.061505105158183,-99.52251943650631,0.0,6.923900618872723
0,10,2,23,0,11.5,574.0076408245934,-2.792201292315593,-94.50917626599418,0.0,5.244052805314766
0,11,0,37,1,23.0,148.21222737716712,7.32540397614094,-84.39157099753764,1.0,15.170431491964479
0,11,1,65,3,0.0,84.09339193966271,9.121014522855615,-82.59596045082297,1.0,15.972800209003882
0,11,2,60,2,23.0,388.13898679040693,16.634652537965003,-75.08232243571358,1.0,12.144422091565884
0,12,0,29,1,23.0,263.3254452219244,7.194229910678324,-84.50842375766682,1.0,11.372650500568394
0,12,1,65,0,11.5,84.38877879178332,19.579438956668742,-72.13753601700985,1.0,12.81771717123482
0,13,0,42,0,11.5,327.49819256333376,-0.2289841121976209,-91.94595908587621,0.0,7.545158910802989
0,13,1,51,1,11.5,118.16739288293704,14.715129838089538,-76.9927402365698,1.0,7.1002518259316965
0,13,2,0,1,0.0,86.54642307410636,1.6856832670365582,-89.44190450720063,0.0,2.6885773893147675
0,14,0,9,1,23.0,485.76832726644926,4.246300180594847,-80.53823963196812,1.0,9.963024259396207
0,14,1,73,1,23.0,258.384111884963,17.779014078470144,-73.00943886692303,1.0,12.368862348451332
0,14,2,76,1,11.5,186.44757823957684,-4.966739564364178,-94.35830918068659,0.0,5.653800566465587
0,15,0,16,1,0.0,128.04983769990986,-4.287625632387469,-96.00460060606606,0.0,1.8276527511582261
0,15,1,26,0,23.0,628.1753872447117,-8.467996200217284,-99.99848371367904,0.0,13.02908726007647
0,15,2,0,0,0.0,85.84312349691754,2.3563035033428243,-88.50898671676427,0.0,7.2090798663563245
0,16,0,75,1,0.0,92.76822593038322,4.19384014402267,-87.49095324514735,1.0,3.711820611646163
0,16,1,39,1,0.0,591.708676651838,-14.67503447278393,-106.31139162648046,0.0,2.6133115416977826
0,16,2,62,0,11.5,608.6777595629894,-3.956632443619224,-95.6736074172978,0.0,2.9269877218119276
0,17,0,16,0,0.0,130.97851206898824,-0.12248705855058323,-91.83946203222916,0.0,4.517297571618007
0,17,1,2,3,23.0,181.29053564836352,12.455947914084732,-79.21082624036215,1.0,13.670893012788525
0,17,2,61,3,0.0,558.4932657291878,-17.53385638396248,-109.22905795670718,0.0,3.2568090872957685
0,18,0,14,1,0.0,81.82904311295991,-2.5283364943871374,-93.3280911798158,0.0,4.115698234467833
0,18,1,24,2,11.5,380.30848004634396,-0.9552733938267053,-92.67224836750529,0.0,9.96374243101153
0,18,2,30,1,23.0,510.3945999605289,8.55107230023823,-83.13861288965087,1.0,10.092042194902168
0,19,0,14,0,0.0,81.52542044226564,-0.4248725492452759,-85.82822191031721,0.0,4.645753652184353
0,19,1,67,0,23.0,783.9208809893106,0.5815506309339213,-90.55030007479101,0.0,12.94862485566884
0,19,2,17,0,0.0,408.48877974688236,-10.416993604344363,-101.69971528131663,0.0,0.6172063225963215
0,20,0,70,0,11.5,246.01724450267957,8.572837991600222,-83.14413698207836,1.0,11.002824778332695
0,20,1,60,1,11.5,572.7407408696661,-1.0568429980703653,-92.77381797174895,0.0,10.525935898872726
0,20,2,31,2,23.0,854.9742789109007,4.771214904285678,-86.94576006939292,1.0,13.847476939437916
0,21,0,44,3,23.0,742.4609984954419,1.0475985405168506,-90.66937643316173,0.0,18.654164850258766
0,21,1,28,1,23.0,281.7697458779126,14.958745410884184,-76.693152463861,1.0,15.791004694013871
0,21,2,0,1,11.5,88.16641858475103,-0.34620369604409285,-86.59798636251512,0.0,4.278072177882031
0,22,0,6,1,11.5,344.2757437607962,5.636116201872911,-86.08085877180568,1.0,12.465659968729044
0,22,1,62,2,11.5,324.90467513594933,6.775637285256887,-84.9413376884217,1.0,13.978658759610909
0,22,2,38,0,23.0,633.5010555624182,10.823810085336696,-80.89316488834189,1.0,13.037401341846914
0,23,0,29,2,23.0,236.4555540897433,14.580873474636098,-77.13610149904248,1.0,23.804892321435897
0,23,1,25,3,23.0,206.29469993090308,12.903681541824358,-75.66342008285991,1.0,16.25773596630079
0,23,2,76,3,23.0,184.44713599861498,18.025967415811863,-70.72193682944174,1.0,10.909837017848885
0,24,0,37,2,23.0,157.40389170723572,25.760689372153294,-65.95628560152531,1.0,14.07919617454548
0,24,1,19,1,0.0,89.38450451256554,5.890057367145356,-85.67831795052065,1.0,7.417143861187037
0,24,2,24,1,11.5,966.8210910574693,-9.378686724395841,-101.04521538637715,0.0,8.337526394013361
0,25,0,29,0,0.0,232.13268102059223,-3.607839585192343,-95.32481455887094,0.0,2.5988914182359264
0,25,1,46,1,11.5,104.9000011852999,4.081819223374207,-85.24250825426986,1.0,9.305202936225344
0,25,2,67,1,23.0,235.01685110418003,13.378963602222402,-77.2050504427334,1.0,9.941766431350391
0,26,0,16,1,0.0,148.83922273229555,2.102811917509817,-89.61416305616878,0.0,3.064105150815719
0,26,1,1,2,0.0,346.68727493701783,-9.15374588628763,-100.80963486597767,0.0,2.844484117679188
0,26,2,21,2,11.5,573.3900339888573,-0.9579298055605989,-92.61012625072625,0.0,4.0192795430590875
0,27,0,42,2,23.0,314.37218919901636,16.297866888046386,-75.08067517394065,1.0,11.897424171260653
0,27,1,19,0,0.0,85.8138281446975,10.008172673524136,-81.70880230015445,1.0,13.435789239849264
0,27,2,26,2,11.5,450.57848048225475,-1.431759698408247,-90.77623609894462,0.0,4.846987023283958
0,28,0,49,0,11.5,152.30971170071297,11.419044351564526,-80.29793062211405,1.0,4.078728961807877
0,28,1,78,1,0.0,784.8662008118154,-18.66230162462489,-110.35250921594812,0.0,3.8613576137937557
0,28,2,10,1,0.0,285.67996345834956,-8.414730298606276,-99.97591788274613,0.0,2.0611135733491786
0,29,0,77,0,23.0,908.2217412796657,5.05798241237294,-86.65899256130565,1.0,15.48525092093588
0,29,1,19,2,11.5,84.30279989483283,18.451702797960422,-73.09543656332269,1.0,12.303052554591424
0,29,2,0,2,0.0,100.52040283047444,3.8960661494404745,-87.37168966063747,1.0,4.759261927729483
0,30,0,75,2,0.0,112.62258097676084,5.363310322216551,-86.35366465146204,1.0,10.10169303123614
0,30,1,12,3,23.0,612.7986025472492,9.977702978491372,-81.67934872126841,1.0,13.24333794748683
0,30,2,67,3,11.5,234.3380260703946,5.013792584550011,-84.45422305775367,1.0,10.103561044044202
0,31,0,7,3,23.0,533.2566305186023,5.961881662000011,-82.25676764026326,1.0,10.360257279278908
0,31,1,56,2,0.0,84.04218210331949,6.296626496066145,-85.42034847761244,1.0,7.109579466459886
0,31,2,73,3,23.0,679.2137526445416,0.2379033584774337,-89.5928819858615,0.0,10.85341744758782
0,32,0,75,0,11.5,117.381443060444,11.29147378952458,-80.36872109595244,1.0,5.09183281114733
0,32,1,33,0,0.0,224.25386568211061,-5.95681473746283,-96.54297384995502,0.0,2.9407148619220225
0,32,2,11,2,0.0,284.7435065733024,-20.26877225064652,-111.98574722432511,0.0,1.8515892660856805
0,33,0,12,0,23.0,308.04755466610936,10.803837660038049,-78.8145727793701,1.0,11.858412845720068
0,33,1,51,0,11.5,80.89982959786634,5.210423062306576,-79.86814437802073,1.0,8.234699025109121
0,34,0,25,0,23.0,680.9805225541625,0.3078444683957549,-86.55771724167525,0.0,15.301261369164092
0,34,1,46,0,11.5,92.50124588132562,8.740140099645775,-78.08574884505435,1.0,12.077962094399409
0,34,2,66,3,23.0,383.6433380561455,13.771321956962694,-77.9456530167159,1.0,15.975479555772822
0,35,0,16,0,11.5,172.46117772792132,6.921550351762017,-84.79329809514405,1.0,12.987050168258046
0,35,1,19,0,0.0,84.28409682668419,12.340472584042958,-79.30128651390848,1.0,10.627657134223952
0,35,2,22,1,23.0,696.4807891671775,-1.9476036380199777,-93.66457861169856,0.0,11.12908009496546
0,36,0,14,0,0.0,103.43706378219673,3.844226373375557,-87.76396581141023,1.0,2.993285214349026
0,36,1,8,0,11.5,281.7439642539754,8.045178670794524,-83.58789826803942,1.0,8.598976429333511
0,36,2,26,2,11.5,415.6138358146779,3.024676696041992,-88.6922982776366,1.0,5.801059676498252
0,37,0,74,3,0.0,462.873884774926,-9.626248375616363,-101.34322334929496,0.0,4.696939033305873
0,37,1,44,0,23.0,207.93636056449864,24.897135048039864,-66.81983992563873,1.0,15.262071684151717
0,37,2,50,2,0.0,255.24395766887875,-9.238843980369207,-100.9558189540478,0.0,4.329099256092186
0,38,0,75,1,11.5,133.52930563066622,-0.3343770330216095,-85.14600633491989,0.0,6.5072169250122744
0,38,1,53,1,23.0,325.06999499218716,11.066119697711535,-80.30904713533977,1.0,15.875577707999323
0,38,2,10,0,11.5,252.93514446678637,9.78706322657044,-81.92991174710815,1.0,11.076044343077582
0,39,0,37,0,11.5,186.37939353059332,2.41057475025738,-83.02127478878268,0.0,12.518228746369712
0,39,1,15,0,23.0,337.12981164122914,14.810071758428274,-76.43759204392322,1.0,21.3498258817721
0,39,2,13,1,23.0,289.7656043982609,1.4522069775449422,-90.26476799613364,0.0,18.763161799726888
0,40,0,18,2,23.0,600.1525534655005,12.73510194572312,-78.98187302795547,1.0,19.921507119161486
0,40,1,46,1,0.0,91.45924766553217,5.719890468519017,-85.99708450515956,1.0,11.199031589830716
0,40,2,50,0,23.0,244.03990590073562,15.143784269303547,-76.57319070437504,1.0,15.931483709604063
0,41,0,26,0,23.0,421.65387945146784,14.257924565845524,-77.45905040783306,1.0,21.84811031059449
0,41,1,5,2,23.0,478.1042270843663,10.201162343307255,-81.51581263037133,1.0,23.279777791752576
0,41,2,73,1,23.0,650.1281393187381,4.278305094848582,-87.43866987883001,1.0,21.12466223990794
0,42,0,29,0,23.0,204.53747375513458,9.717205662190906,-77.9454294401595,1.0,12.120941498954389
0,42,1,67,0,23.0,719.2560981817122,5.370016534934997,-84.26116899276393,1.0,16.083213302883195
0,43,0,71,2,23.0,107.40801725582904,19.121330819302084,-72.49902144476515,1.0,16.17165690375562
0,43,1,51,2,11.5,87.38081753491736,6.168054955802392,-80.07630278723514,1.0,12.815524917994713
0,43,2,50,3,23.0,232.915163563061,16.93232328307589,-74.7846516906027,1.0,18.53299200760232
0,44,0,42,1,11.5,311.4984463784908,6.7843823574468605,-84.7722420187897,1.0,13.85840664825755
0,44,1,36,2,23.0,381.9217265678134,5.325089986490644,-86.39188498718795,1.0,16.775510977061774
0,44,2,10,1,0.0,234.37165950122082,-0.7632231627725684,-92.08284831658713,0.0,4.383945056651792
0,45,0,49,3,0.0,109.23307307495514,4.073913648909461,-87.64306132476912,1.0,4.778201194531458
0,45,1,30,1,11.5,329.626278754467,1.1144448570247638,-90.60253011665382,0.0,7.847869168079123
0,45,2,11,2,11.5,237.13282866215326,7.470232022676559,-84.24674295100203,1.0,7.0544059916006985
0,46,0,32,0,23.0,350.37250749935725,14.779571247737888,-75.74673412237098,1.0,11.353051985649172
0,46,1,51,1,0.0,92.66388037581058,3.0612662941075754,-88.65570867957102,1.0,9.207226293487697
0,46,2,6,0,23.0,619.6847251928158,3.1413617604768023,-88.19425237852876,1.0,8.602315699579632
0,47,0,39,2,23.0,253.33137202729947,9.723433351649321,-81.08163031712179,1.0,10.905511142979755
0,47,1,19,3,0.0,102.73024283750709,4.6669070563303565,-87.05006791734823,1.0,12.812718011949658
0,47,2,77,2,23.0,521.2055801352258,4.774770597878129,-86.01998406990336,1.0,9.25237898331541
0,48,0,79,2,23.0,450.79837821719644,5.155555445734118,-86.56141952794448,1.0,16.17903909773593
0,48,1,33,3,11.5,172.91702439608238,4.787527392414518,-86.29437031902668,1.0,12.576513932278866
0,48,2,60,3,11.5,254.4055580284008,9.467242118483254,-81.85826775815357,1.0,9.26254534618519
0,49,0,14,3,0.0,141.55723444407266,-0.3718140738514666,-92.08878904753006,0.0,4.6877983612670295
0,49,1,48,1,23.0,269.79171622801744,0.4008680087972103,-88.8060996893161,0.0,13.527378450622098
0,49,2,76,1,23.0,215.49321309671706,10.438657240771672,-77.99628768414792,1.0,10.245707733859529
0,50,0,61,2,23.0,554.0318699335655,9.370655070008144,-81.04034510100492,1.0,13.409673460841057
0,50,1,56,2,0.0,94.50649082934797,5.767628197500611,-83.34267539903499,1.0,11.26545600563997
0,50,2,11,3,11.5,219.35241911824718,10.812963469459296,-80.90401150421928,1.0,9.161699642705454
0,51,0,36,2,23.0,872.9578766811836,0.8933610069445193,-88.05557396868235,0.0,14.72296167291411
0,51,1,56,2,11.5,96.69443128930084,5.93738096413542,-84.04248404995691,1.0,8.240814669489831
0,51,2,66,0,11.5,327.18920827867373,2.74004121136603,-88.97693376231257,0.0,11.43298325735221
0,52,0,49,2,11.5,99.90377845209319,12.223745125916333,-79.49322984776225,1.0,11.745750849441233
0,52,1,54,3,0.0,212.09637255737968,-2.382243446641105,-93.19974861828246,0.0,3.306241902282298
0,52,2,35,3,23.0,472.1979244637343,8.019167795627837,-83.63716240151078,1.0,13.322333943002652
0,53,0,29,1,11.5,197.39938482349731,5.700226182655644,-86.01674879102293,1.0,7.038217914432452
0,53,1,72,2,0.0,132.54142940650001,0.8596129626584569,-89.45682937501309,0.0,8.017459674348716
0,53,2,54,2,11.5,673.9842668373541,-5.58331496586963,-96.32527901439012,0.0,7.107822098836818
0,54,0,14,2,0.0,158.33654041623436,-7.520540939132564,-99.23751591281115,0.0,3.7165021083130583
0,54,1,48,0,11.5,263.3897915776428,1.610896262275555,-90.10607871140303,0.0,6.929746282636607
0,54,2,3,3,0.0,353.2075714959782,-8.063542545111753,-99.78051751879033,0.0,1.2944583711115414
0,55,0,37,2,11.5,230.86502063968808,3.890906838762978,-87.73183617902795,1.0,12.16032005795964
0,55,1,62,2,11.5,210.28512465919863,9.387902746168471,-82.29108110410596,1.0,10.907450046375088
0,55,2,26,3,23.0,342.50478020610103,-0.5171241286929193,-92.23409910237152,0.0,14.43457463211514
0,56,0,12,1,0.0,285.9439379154211,-10.855274799995565,-102.49095646897615,0.0,1.4926584238596443
0,56,1,7,1,0.0,428.1617301341185,-13.679615212556197,-105.38229910928746,0.0,2.3166514029163414
0,56,2,34,1,0.0,357.15316354668414,-13.616332501255341,-105.1112349833482,0.0,1.9931647283480947
0,57,0,71,1,0.0,82.9845104637962,4.868531915196895,-86.8484430584817,1.0,10.111547546710048
0,57,1,33,2,11.5,148.4291216981932,3.9548238793345556,-87.76215109434403,1.0,14.828662761574217
0,57,2,55,3,23.0,234.32765485888325,9.890699670817098,-81.82627530286149,1.0,14.968065907957243
0,58,0,20,1,11.5,402.96842691086226,4.59444389755384,-86.50931240195555,1.0,7.75118555232339
0,58,1,19,1,0.0,133.28061421071786,-1.0414238076024531,-92.51748913950303,0.0,2.7824043657357858
0,58,2,15,0,0.0,415.390697052677,-9.171287579196049,-100.88826255287464,0.0,2.45963885228634
0,59,0,49,0,11.5,97.96767652961537,5.164908632796231,-79.92578127759265,1.0,8.239340110689191
0,59,1,32,0,23.0,885.176295468753,1.6013088004406637,-89.50480195190954,0.0,22.219589068097452
0,59,2,13,3,23.0,231.61215495865744,15.707974429507917,-76.00900054417068,1.0,19.316936573745036
0,60,0,70,0,11.5,144.57304289052243,10.156066314064962,-81.42106612678917,1.0,9.848571933773416
0,60,1,65,2,11.5,217.1227810535031,5.422428617135245,-86.29454635654334,1.0,10.287869910428803
0,60,2,34,0,11.5,359.97291427272864,-1.988800216223294,-93.07622621705451,0.0,7.6063787138009955
0,61,0,52,2,23.0,452.7937758829455,-1.3115993893439004,-90.1128176896039,0.0,12.980079260435673
0,61,1,31,1,0.0,176.65843361336204,0.8407607276124753,-90.87621424606611,0.0,4.93997004903235
0,61,2,76,2,11.5,243.85252432498018,1.7775832358545265,-88.6252964367989,0.0,7.912383399930254
0,62,0,0,1,23.0,767.4481279999105,4.688432172241888,-87.0285428014367,1.0,18.12361706492176
0,62,1,40,2,11.5,270.8225745960587,7.212085817121061,-84.50488915655752,1.0,16.362033682396522
0,62,2,50,3,11.5,165.32632117381837,13.97720726085314,-77.73976771282545,1.0,11.60963759594599
0,63,0,42,3,23.0,325.52279778930694,-1.1469240833201781,-92.86389905699878,0.0,16.56084335594374
0,63,1,19,1,11.5,149.40245830486717,11.736067204556939,-79.98090776912164,1.0,16.534413026619482
0,63,2,18,2,11.5,216.90769793434848,7.4118474428965575,-84.30512753078203,1.0,12.366765689816711
0,64,0,16,3,11.5,268.0124965582349,-1.3683654015315847,-93.08534037521017,0.0,7.017879842928498
0,64,1,30,2,0.0,269.00124901383026,-2.704574216184006,-94.4215491898626,0.0,5.390811265261509
0,64,2,61,0,11.5,385.51577321880876,-1.2004005114268717,-92.91737548510547,0.0,6.915730280064189
0,65,0,42,2,11.5,327.9900805062725,5.4388111426681895,-86.18744587950127,1.0,8.049726108535987
0,65,1,52,2,0.0,218.75733783087526,-2.5560377195154875,-90.95131610685824,0.0,3.961244048437506
0,65,2,18,2,11.5,210.05372794582743,-2.640860685946316,-93.71164736370835,0.0,5.752139834749495
0,66,0,49,1,11.5,103.83913684260756,9.280111119256206,-82.43686385442238,1.0,20.507690391460347
0,66,1,19,2,23.0,159.49770531712485,17.94948412878094,-73.76749084489765,1.0,23.449826972378624
0,66,2,52,3,23.0,423.72077491291657,8.091744260637961,-83.62523071304062,1.0,18.767848128157066
0,67,0,49,3,11.5,105.26080879492403,18.216885769002594,-73.500089204676,1.0,13.505907077001185
0,67,1,25,2,0.0,186.1244136498179,-2.4859545963348535,-94.20292957001344,0.0,10.902132163369293
0,67,2,7,1,23.0,838.0675728025543,6.99190352095791,-84.72507145272068,1.0,12.767109226254359
0,68,1,78,3,23.0,691.8241180095441,10.033990123048177,-81.6829848506304,1.0,20.28249130599466
0,68,2,79,2,23.0,879.666224168711,0.8770747819136694,-90.83226308353424,0.0,18.197276438843414
0,69,0,49,1,0.0,108.49138640486214,-3.1201342617321353,-94.83710923541074,0.0,4.052350183596363
0,69,1,27,0,11.5,315.79412045857356,2.5360097437251246,-87.64831449643097,0.0,9.288314706521769
0,69,2,21,0,11.5,456.523744820219,-4.055901665068407,-93.95072822470205,0.0,7.00314266902033
0,70,0,49,2,11.5,110.28894981816121,15.657474154456395,-76.0595008192222,1.0,16.425010735562296
0,70,1,58,3,11.5,258.42906827475406,1.5490784900347578,-89.83477998806026,0.0,7.51368701426817
0,70,2,53,3,23.0,450.5156202964825,1.2974487601871298,-83.71186880186895,0.0,12.343996602436098
0,71,0,70,0,23.0,137.77157460287873,19.613005121286683,-72.10396985239191,1.0,19.111580941752102
0,71,1,61,2,23.0,211.88294971526813,11.17428739647459,-80.47959996237054,1.0,21.358716013441384
0,71,2,0,2,0.0,236.5212040931686,-3.5631005457431937,-95.24487783515542,0.0,2.6215247218235342
0,72,0,4,0,11.5,80.61191033722197,14.692204467486604,-77.02477050619197,1.0,17.545599981278798
0,72,1,40,2,23.0,281.88457517755313,12.123866221525834,-79.59310875215274,1.0,18.92778451855117
0,73,0,71,1,0.0,96.18774594295913,-5.741440592721634,-96.52741263324162,0.0,1.1672633188818953
0,73,1,51,3,11.5,173.51450027415763,10.781451297397965,-80.93552367628062,1.0,16.65506657414761
0,73,2,50,1,23.0,130.49693817589312,26.778795949274507,-64.70627637124515,1.0,14.993206768030738
0,74,0,49,1,11.5,118.56111741953171,9.538067788764836,-81.38001151858477,1.0,6.511096105487568
0,74,1,2,3,0.0,124.25892680227794,3.221867671640436,-88.49510730203816,1.0,6.293639976821857
0,74,2,11,1,11.5,142.45107729620602,3.474664245626725,-84.75946127033379,1.0,5.603223788262554
0,75,0,6,2,0.0,169.10097542630356,2.600422562019249,-89.11655241165934,0.0,7.325225256482045
0,75,1,19,3,11.5,191.10936231148088,5.53862803281636,-86.17834694086224,1.0,9.79415922640167
0,75,2,10,1,11.5,162.92276302117432,10.666249913785022,-81.05072505989357,1.0,8.614503411498092
0,76,0,32,2,11.5,367.31053023606125,0.7109933299295995,-91.005981643749,0.0,14.966617353023691
0,76,1,66,1,23.0,303.70651552883305,4.685384749512223,-81.84229449743967,1.0,15.7482626386964
0,76,2,55,1,11.5,222.9662483203529,3.0451353420261915,-80.51901557205733,1.0,6.43291174803864
0,77,0,39,2,0.0,163.88343541117038,2.227673898949484,-89.48930107472911,0.0,6.860808734874294
0,77,1,54,3,11.5,172.37102740799102,6.213523711210089,-82.28069271035278,1.0,8.018224070424933
0,77,2,63,3,23.0,446.03161654382956,5.861333920114968,-84.03450165865908,1.0,12.130847146745015
0,78,1,19,0,23.0,201.97329481144703,5.968402041484962,-85.74857293219364,1.0,21.708026201075192
0,78,2,42,1,23.0,596.3628489359799,5.941762683178719,-85.77521229049987,1.0,19.41396635625391
0,79,0,49,1,11.5,130.9316470662722,12.028679139008908,-78.98364693271937,1.0,11.258319938186116
0,79,1,68,0,11.5,310.53712970952375,0.8710564338613564,-90.84591853981723,0.0,9.41485086784415
0,79,2,60,1,11.5,162.65007339778379,9.737946109429082,-81.7718346615208,1.0,8.44711352261082
0,80,0,26,2,11.5,274.4363783329135,5.271605967461954,-83.53002570404857,1.0,7.489436044794521
0,80,1,6,2,23.0,370.0082400851587,0.3426289430374112,-78.94615397698277,0.0,16.349097637677694
0,80,2,13,1,0.0,188.63795853038698,-2.7539536778289535,-94.47092865150753,0.0,6.738652143829186
0,81,0,63,3,0.0,126.37093169892893,1.071318272115049,-90.56476859037176,0.0,4.41748924824995
0,81,1,21,3,0.0,247.43800419520878,-9.454880700150284,-101.1221087104735,0.0,6.176080170713377
0,81,2,26,2,23.0,245.3249431978985,17.995183387925145,-73.72179158575344,1.0,13.504012008479064
0,82,0,4,3,11.5,87.39982068371705,12.399209511991153,-74.29582509663773,1.0,8.742631112386361
0,82,1,33,2,0.0,117.35677254774845,-0.4219913742537874,-92.13896634793238,0.0,4.648029862712512
0,82,2,68,3,23.0,318.53814396896155,4.021288554491021,-82.1059222060506,1.0,11.159464464346527
0,83,0,16,3,23.0,337.6351438391594,16.860234752084814,-74.85674022159378,1.0,22.498202093098183
0,83,1,62,1,23.0,139.63898376012634,13.830253702111921,-77.88672127156667,1.0,24.762381332718977
0,83,2,35,0,23.0,437.2203240754332,10.297216351874843,-81.41975862180374,1.0,25.857229176976563
0,84,0,29,3,23.0,227.4048844384463,20.3542509064488,-70.59125047894022,1.0,14.088847723582795
0,84,1,77,3,11.5,313.9821910943502,0.6670505615671661,-88.89998744522428,0.0,8.038818687272858
0,84,2,13,1,11.5,183.69620672450677,7.73990923507705,-83.97706573860154,1.0,17.68534384013944
0,85,0,3,3,11.5,453.78589476199653,0.42855434672901216,-91.28842062694957,0.0,18.198357204644093
0,85,1,73,1,23.0,258.9439388662041,15.947939108822691,-73.19281419685042,1.0,17.86742449761014
0,85,2,60,1,11.5,150.33463621135488,2.0328448559043353,-77.35148296739445,0.0,9.023954595264136
0,86,0,66,2,23.0,486.9400511068614,13.605867407515397,-78.11110756616318,1.0,20.250927078444064
0,86,1,43,3,23.0,312.01075773191326,8.140550693590464,-83.57642428008813,1.0,24.07600693578458
0,86,2,50,0,11.5,99.22083670988111,10.09478309367524,-81.62219188000336,1.0,17.57668291409378
0,87,0,63,3,11.5,126.41281134444996,3.0456057769601363,-88.67136919671844,1.0,13.867385392631876
0,87,1,39,0,23.0,350.56885009487854,12.889220674208433,-78.82775429947016,1.0,19.167976817045254
0,87,2,76,2,11.5,321.70892516733295,2.2559273268159616,-89.46104764686262,0.0,18.772703027615393
0,88,0,12,0,23.0,302.7490702773339,15.250304853469656,-76.46667012020893,1.0,20.597468292291474
0,88,1,22,2,11.5,123.05168543387582,4.271771428124391,-82.04293251811339,1.0,8.574492828214083
0,88,2,59,2,23.0,246.8936327365315,14.226786661166646,-73.97436645793844,1.0,15.203701131739813
0,89,0,49,0,23.0,160.36150249646772,23.9490260190702,-67.76794895460839,1.0,16.156581352418158
0,89,1,65,3,11.5,327.18428626063474,0.568061289369777,-91.14005642041958,0.0,14.483455960437473
0,90,0,37,3,23.0,349.9452460612617,7.510285942104225,-77.20378389388279,1.0,10.711191601318333
0,90,1,33,1,11.5,123.9107040942653,12.287470261491059,-79.42950471218752,1.0,19.044927741347433
0,90,2,44,3,23.0,424.2781568435181,0.6052621867330573,-79.81169285796636,0.0,9.266025500230201
0,91,0,71,0,23.0,147.32767102225748,24.304030863861485,-65.4725115088683,1.0,13.059708050798397
0,91,1,48,3,23.0,262.63874867681164,12.473285931461444,-79.24368904221714,1.0,25.165330677958654
0,91,2,0,0,23.0,312.4257752387447,6.617202932379663,-79.64730038578895,1.0,14.53551475326212
0,92,0,45,0,23.0,510.5884593804321,1.3592386458600623,-90.35773632781853,0.0,20.61852530251677
0,92,1,59,3,23.0,251.4575570068284,10.746442659658095,-73.94559096523625,1.0,18.80339127173131
0,92,2,78,3,11.5,410.010120822964,-1.6679418667112642,-89.43936799383704,0.0,13.186864136933782
0,93,0,4,2,11.5,112.20170265913275,13.571753580740742,-78.14522139293784,1.0,19.76083999911939
0,93,1,28,3,23.0,150.27936658001562,21.35308743005512,-70.36388754362348,1.0,22.858375933910985
0,93,2,41,0,23.0,709.4302827062382,9.532834496330281,-82.18414047734831,1.0,22.086447127957506
0,94,0,4,3,23.0,115.02724432212308,8.934010713082976,-67.85650331663643,1.0,8.033683448473017
0,94,1,40,3,23.0,322.7596887931508,1.8023572757331652,-80.26767462151447,0.0,8.591768943288697
0,94,2,59,3,23.0,235.58793385426782,0.1899719034139824,-76.72738154701327,0.0,9.376651143849516
0,95,0,28,0,23.0,398.13401531558395,5.909222558307371,-79.73850286810786,1.0,11.661239751975662
0,95,1,62,1,11.5,128.78052031976404,17.040250707557497,-74.6767242661211,1.0,20.299726871570776
0,95,2,60,0,23.0,136.88047203902752,19.20984815467428,-66.64344771120462,1.0,11.971056287084592
0,96,0,63,0,23.0,134.74449381082593,14.344144036633859,-68.66312630908412,1.0,9.431278329989446
0,96,2,60,0,23.0,136.1096605818619,12.75800349311467,-71.25470316601769,1.0,11.164427908453497
0,97,0,39,1,11.5,134.08372248259454,7.151112652939275,-81.06704341177678,1.0,10.550063911246346
0,97,1,72,1,11.5,109.65710771299324,12.043517339958544,-78.48495078481301,1.0,14.214167402502735
0,97,2,18,0,23.0,121.27850525182811,17.347015207939723,-74.36995976573886,1.0,16.021626108755605
0,98,0,7,0,23.0,463.23538589185927,9.921433571386562,-81.79554140229202,1.0,19.940265753156552
0,98,1,72,1,11.5,112.33305054106826,18.894039134411866,-72.82293583926672,1.0,19.615938173113125
0,98,2,58,3,23.0,499.6771515466561,10.125768013366493,-81.59120696031209,1.0,21.17391770092091
0,99,0,42,3,23.0,393.1568521841809,3.809528729211306,-81.81789252453805,1.0,7.327994293861966
0,99,1,52,3,23.0,104.91570740397857,1.8121898632434454,-68.0268431825086,0.0,8.003375622854989
0,99,2,50,3,23.0,89.82259182151732,8.932727634668863,-65.23121998080931,1.0,11.294646156027888
0,100,0,55,0,11.5,558.244930947039,-1.9942669429927022,-93.71124191667128,0.0,9.110203237621684
0,100,1,31,1,11.5,222.79926509933588,7.344738400284017,-84.37223657339457,1.0,10.61756057690626
0,100,2,24,2,11.5,668.6948942706163,-2.640083107536984,-94.35705808121557,0.0,10.37572199439983
0,101,0,32,0,11.5,408.714001837537,-2.9147629829141524,-94.63173795659274,0.0,9.860087046935755
0,101,1,48,1,11.5,276.39163632539874,6.044301283441809,-85.67267369023679,1.0,11.327878754994567
0,101,2,16,2,11.5,690.7038182241959,-2.7607479627123386,-94.47772293639092,0.0,10.139181007915068
0,102,0,6,0,11.5,131.68680125942993,6.452100329069194,-85.18817026760253,1.0,8.463551379544178
0,102,1,20,1,11.5,212.04756887479363,11.1746367883754,-80.5423381853032,1.0,9.130168365853613
0,102,2,23,0,0.0,337.2415417000031,-10.41634214061245,-101.87143045364692,0.0,5.499594021633755
0,103,0,67,0,11.5,696.3858955175427,-1.395042337888136,-92.9240906765196,0.0,4.939479812668461
0,103,1,72,1,11.5,126.76308257248321,10.082731346465009,-81.63424362721358,1.0,17.633750008734133
0,103,2,10,0,23.0,165.33794152610645,7.386107113645407,-83.54957801755816,1.0,12.174518628053107
0,104,0,76,3,23.0,612.9745390923299,0.07807731687433679,-84.3432604238741,0.0,9.334441650341207
0,104,1,7,3,23.0,432.277008124541,3.293655211516762,-78.77566890535147,1.0,14.102224669578426
0,104,2,47,2,11.5,120.0224118326059,12.509371836039026,-79.20760313763957,1.0,22.464682966094806
0,105,0,39,0,23.0,134.2039877493895,21.20680676005168,-70.51016821362691,1.0,19.025105828470995
0,105,1,72,1,11.5,132.93962933243265,15.234057698503115,-76.48291727517547,1.0,25.32000522110031
0,105,2,10,3,23.0,168.3842749934335,11.719432423966117,-79.99754254971248,1.0,20.784652040099743
0,106,0,29,3,23.0,281.80642182815626,4.69382778873142,-74.58608403081354,1.0,6.702969358304864
0,106,1,76,3,23.0,687.2044597858538,-1.706386511995418,-86.43323789772099,0.0,8.386545111545303
0,106,2,4,3,23.0,427.40113854392416,2.404401813485479,-80.1077397480311,0.0,11.311103496220031
0,107,0,65,0,11.5,662.7408285444727,-0.9157992092420807,-92.63277418292066,0.0,8.999500047991782
0,107,1,64,1,11.5,649.083969685092,2.68846742286942,-89.02850755080918,0.0,10.801483257190155
0,107,2,10,2,11.5,171.74950719591095,12.213459511511882,-79.50351546216672,1.0,11.938304882915974
0,108,0,7,0,11.5,465.2878167399267,0.5522392476268433,-90.33119159885038,0.0,5.238467375986178
0,108,1,48,1,11.5,288.9387368587129,-1.6258245527449975,-93.34279952642359,0.0,14.015514941493711
0,108,2,20,0,23.0,446.3074383872281,7.019650951739682,-81.87691509802902,1.0,14.479885816661245
0,109,0,76,3,23.0,603.5021703139773,0.32367761548515833,-83.9699830924141,0.0,9.693501434947223
0,109,1,8,1,11.5,89.11248615160666,21.045406617101907,-70.67156835657669,1.0,21.802429072990268
0,109,2,77,3,23.0,426.7264561458921,3.261639625762711,-83.01593097468292,1.0,10.232307659272234
0,110,0,39,3,0.0,138.0973438774035,-0.02350527081096361,-83.84083029460669,0.0,4.970481963346194
0,110,1,34,3,23.0,707.2981302756892,6.335651471809664,-85.3048416987883,1.0,16.563648809756447
0,110,2,10,2,11.5,177.3551153970455,13.098345574447583,-78.61862939923101,1.0,16.706057531903596
0,111,0,50,3,23.0,316.39160061089643,16.953143644137334,-74.76383132954126,1.0,16.98008752328667
0,111,2,57,2,11.5,589.141541241473,-5.399837363555132,-97.11681233723371,0.0,10.576743167600352
0,112,0,44,3,23.0,408.5800040608212,15.87205720780471,-75.84491776587387,1.0,18.64524497345085
0,112,2,7,2,23.0,659.4405488973819,8.164293576197492,-83.5274878919701,1.0,19.384426816409533
0,113,0,5,3,23.0,334.49461351032903,5.94997925899837,-73.70301817289965,1.0,11.143377030050171
0,113,1,69,2,23.0,382.31043362000435,15.908020435101163,-75.80895453857742,1.0,25.507027511056926
0,113,2,18,3,23.0,110.85769906599499,13.884245318029262,-67.80597418519862,1.0,11.757743679579868
0,114,0,27,2,23.0,613.3591742709123,10.392121855175196,-81.32485311850338,1.0,20.798059959694825
0,114,1,52,3,23.0,80.69120232696295,20.5681437199516,-71.148831253727,1.0,23.222606211296977
0,114,2,30,0,11.5,232.34764648275754,9.2848123751096,-82.432162598569,1.0,7.992308774866315
0,115,0,51,3,23.0,553.4559125014374,2.2263645568486083,-89.48184651696025,0.0,16.0562890025425
0,115,1,57,1,11.5,467.4683979535859,-2.2451191255109304,-93.96209409918953,0.0,15.707762776930972
0,116,0,70,3,23.0,226.8148957271808,18.936146852977412,-69.21886778421347,1.0,9.97991762619732
0,116,1,72,1,11.5,169.6564403073452,10.04386159134584,-81.67311338233274,1.0,19.196543021927557
0,116,2,13,3,23.0,193.53664277510498,-0.14984857419535522,-77.61368900271906,0.0,9.15246423018748
0,117,0,49,3,23.0,258.34746808387797,10.584130864134334,-71.98654777134732,1.0,10.955791553903829
0,117,1,43,3,23.0,242.88734371985115,10.409785546398497,-69.74501693247856,1.0,9.723822424446873
0,117,2,74,2,23.0,552.055714831468,4.973529949408343,-86.74344502427024,1.0,24.320541693590723
0,118,0,6,3,23.0,147.2431282020279,8.956086665925977,-75.556753423001,1.0,8.946998428012675
0,118,1,8,1,11.5,104.60178453151491,20.06106025804789,-71.6559147156307,1.0,15.027156681731839
0,118,2,26,3,23.0,127.22727141724191,0.6044533526674851,-71.17098795167921,0.0,9.183847312902282
0,119,0,20,3,23.0,280.3491829358523,14.567183986525631,-76.51037063745596,1.0,17.504680423035555
0,119,2,33,2,23.0,401.27698121614264,9.911370299592615,-81.80560467408597,1.0,19.869130931415675
0,120,0,3,2,23.0,437.45760485894016,9.925460620175445,-80.01253982075974,1.0,9.464937103960677
0,120,1,14,2,23.0,591.9910993748433,-2.818783575609482,-91.35021781528008,0.0,9.229927042916792
0,120,2,21,3,23.0,377.3098996474512,14.327001592161343,-77.38997338151725,1.0,24.65966638509016
0,121,0,27,0,23.0,604.3388461582404,7.705007754240335,-84.01196721943826,1.0,18.378218422018065
0,121,1,48,1,11.5,317.5197399829681,8.61378098469994,-83.10319398897866,1.0,17.705332614013624
0,121,2,50,3,23.0,131.838593751464,24.23141515860469,-67.48555981507391,1.0,21.652011957517303
0,122,0,23,2,23.0,265.67944152425554,17.733685125901804,-73.98328984777679,1.0,22.01680663993175
0,122,1,48,3,23.0,319.96266612100646,3.7867436872522484,-76.60500949341287,1.0,11.376256687371459
0,122,2,36,3,23.0,461.7019746494892,4.806133222484079,-81.80287788766172,1.0,8.240267717139533
0,123,0,10,2,23.0,384.8829546173732,2.0506464410819465,-77.2916387205936,0.0,8.939955968724025
0,123,1,22,1,11.5,193.03992785258075,11.18458092469897,-80.53239404897963,1.0,21.449585214536178
0,123,2,72,2,23.0,365.68821586098954,3.342379609327269,-76.25009378213997,1.0,12.229477997554518
0,124,0,4,0,23.0,217.65250432358948,17.83335993603004,-73.88361503764855,1.0,21.83633279822294
0,124,1,21,3,23.0,306.4600445651317,17.35407891627872,-74.36289605739987,1.0,24.61829997268072
0,124,2,32,2,23.0,528.8878361622625,5.34983262233813,-86.36714235134045,1.0,22.738170385657515
0,125,0,14,2,23.0,427.62248960721723,15.954225002835983,-75.7627499708426,1.0,19.685671737821536
0,125,1,25,3,23.0,344.7674823712257,13.141608899488652,-75.96521054576259,1.0,10.224150853741431
0,125,2,50,3,23.0,144.0095313852071,9.548901208772202,-67.75922353170273,1.0,11.365154198338288
0,126,0,58,2,23.0,286.7262267113875,1.6829339850115685,-83.78607575560696,0.0,8.004828603169942
0,126,1,62,1,11.5,174.3071389918449,13.519949106600544,-78.19702586707805,1.0,25.844906327880594
0,126,2,64,2,23.0,662.9208404621148,-1.299656170258738,-88.02641279634298,0.0,8.341500966745308
0,127,1,75,3,23.0,596.7442884361815,8.486913878447599,-81.5884867569631,1.0,16.083457574002995
0,127,2,46,2,23.0,501.7410033756572,9.168052443847417,-82.54892252983117,1.0,19.686579018558255
0,128,0,7,1,11.5,479.48327576158835,1.0584880368711655,-90.65848693680742,0.0,5.790896211595328
0,128,1,53,3,23.0,107.28804954792705,5.395831601758273,-65.49767269093037,1.0,8.064047651296777
0,128,2,78,3,23.0,522.2027292280532,-2.9363701650863376,-93.23302190957867,0.0,8.691886487134479
0,129,0,9,2,11.5,297.14800011574465,-1.1820203088036854,-86.94318339782237,0.0,4.16265010035596
0,129,2,47,2,23.0,203.8603332945046,15.893019279289259,-72.09879559755774,1.0,11.798195575309638
0,130,0,12,1,23.0,392.89902768142053,15.29312977361404,-76.42384520006456,1.0,22.232045249600382
0,130,1,31,2,23.0,311.34778556552493,4.940756185611537,-77.95975647400574,1.0,8.374985173090055
0,130,2,8,2,23.0,244.28834721921268,1.2856105502425539,-72.84477303135803,0.0,8.312648949796257
0,131,0,49,2,23.0,310.9103016250237,1.7012438236491128,-83.10484511702538,0.0,8.35854303849403
0,131,1,73,1,11.5,391.60132896248285,4.986506253827389,-86.7304687198512,1.0,11.421719125375803
0,131,2,60,2,23.0,176.97740657101605,9.949399536883861,-72.51056209005301,1.0,8.34471780382114
0,132,0,49,0,23.0,314.71016377693775,13.971401142693207,-77.74557383098538,1.0,19.39737614162997
0,132,1,54,1,11.5,257.89717085031987,7.224376516643348,-84.49259845703524,1.0,18.330778280521194
0,132,2,65,2,23.0,607.955747837086,12.311231783197282,-79.4057431904813,1.0,19.453083451066636
0,133,0,37,2,23.0,510.97689031682853,9.582885953214896,-82.13408902046369,1.0,20.497843562948262
0,133,1,25,3,23.0,372.7324624470604,12.672633117814303,-77.68773663141964,1.0,12.328776055756263
0,133,2,0,3,23.0,476.20982101801735,1.9678946206451884,-83.03964951968058,0.0,8.696153326240033
0,134,0,35,2,23.0,539.9577064732673,5.050343137805512,-84.02173825392842,1.0,7.969782813827507
0,134,1,32,1,11.5,596.6228625865391,1.5596543449307612,-90.15732062874783,0.0,6.269346223351102
0,134,2,50,2,23.0,173.6799883880972,1.4357503055044,-69.11927193774608,0.0,6.620350414605543
0,135,0,42,0,23.0,494.62261266360406,12.09595825907202,-79.62101671460657,1.0,21.580583384350533
0,135,1,69,1,23.0,447.10244456724024,6.320728233572592,-85.396246740106,1.0,24.653933389075565
0,135,2,43,2,23.0,190.03788335187326,19.827401310993338,-71.88957366268525,1.0,21.731288434953072
0,136,0,22,2,23.0,299.360142139249,14.066984618584765,-77.64999035509382,1.0,20.907365674868693
0,136,1,44,3,23.0,239.89989506689284,1.7064165110706568,-75.83141402409233,0.0,10.375184470416137
0,136,2,47,3,23.0,229.66510229597174,10.867930353650566,-68.29593650447093,1.0,8.367827528006314
0,137,0,37,2,23.0,526.3095356284068,-0.07850474843264357,-82.9647069639957,0.0,8.032576182908574
0,137,2,52,2,23.0,185.01358643252192,5.890681088417072,-73.16071708579541,1.0,7.9390100408125885
0,138,0,24,0,23.0,468.1080561704834,12.7470341093875,-78.96994086429109,1.0,20.459153531006685
0,138,1,46,2,23.0,410.2510382493757,4.055545389765058,-74.08821215211618,1.0,8.457985632602576
0,138,2,63,2,23.0,304.2304285258139,11.848128385436523,-72.99857587623306,1.0,8.786046638220911
0,139,0,58,2,23.0,289.56435674573123,5.444349846586334,-83.73216421658915,1.0,8.52325408753396
0,139,1,31,1,11.5,341.6764886422267,5.043482737059195,-86.67349223661941,1.0,8.83833759548643
0,139,2,14,2,23.0,550.2553107011165,4.402958490531287,-82.34232384297351,1.0,7.829201023855234
0,140,0,14,0,23.0,486.65904064391697,14.729855647663628,-76.98711932601496,1.0,22.129356452949654
0,140,1,70,1,11.5,354.15454201098646,6.826473740097344,-84.89050123358125,1.0,12.5580093621634
0,140,2,28,2,23.0,340.62602146157406,17.328651970999754,-74.38832300267883,1.0,22.76403077685339
0,141,0,38,2,23.0,407.9622282449058,8.188358838125463,-83.52861613555312,1.0,21.037902738649933
0,141,2,61,3,23.0,184.03520523910672,20.06133337936523,-71.65564159431335,1.0,17.3125689787419
0,142,0,18,2,23.0,220.09473031547563,16.623637436793985,-67.94666464863661,1.0,8.697541539538344
0,142,1,33,2,23.0,274.8672243287085,6.083315622436021,-76.68025639684097,1.0,9.885078559602206
0,142,2,17,3,23.0,437.5751353188697,14.020265000286237,-77.69670997339234,1.0,21.849296535152934
0,143,0,63,0,23.0,267.6396946365782,13.203008758886623,-78.51396621479196,1.0,20.118654671525107
0,143,1,68,1,11.5,101.13825718163939,19.06704999331337,-72.64992498036521,1.0,31.61696666704296
0,143,2,75,3,23.0,568.4942888054798,13.671198212396632,-78.04577676128196,1.0,19.44091685266624
0,144,0,65,2,23.0,577.8059365406017,6.980640904091945,-84.73633406958663,1.0,21.88822395931761
0,144,1,0,3,23.0,556.633479838231,2.092835350691736,-80.00690787256758,0.0,9.50505947936262
0,144,2,52,3,23.0,169.2328612077168,4.550997524146093,-70.57825153793787,1.0,8.718219798562567
0,145,0,79,2,23.0,543.7204195117745,12.640445403761122,-78.28042631388871,1.0,8.278091842977998
0,145,2,0,2,23.0,523.4962699606571,0.773167757282184,-81.30736149711437,0.0,8.449737032032138
0,146,0,63,0,23.0,278.28815891434704,13.728761571869388,-77.9882134018092,1.0,20.87984224863001
0,146,1,27,2,23.0,565.5151183670591,-2.1887977550593445,-90.35420239490583,0.0,8.461362999069944
0,146,2,0,2,23.0,527.4426261832784,1.0127714772604048,-78.80742095143978,0.0,6.702455329399847
0,147,0,33,2,23.0,306.9695058222224,1.9224653471891808,-78.43841633910037,0.0,7.6952393389738205
0,147,1,30,1,11.5,221.99044532119083,9.13399210440652,-82.58298286927207,1.0,10.870232568088648
0,147,2,64,2,23.0,598.4923296512742,-1.2559138245224288,-89.46145997171733,0.0,6.885481904960452
0,148,0,65,0,23.0,570.169109316269,7.871718160918713,-83.84525681275989,1.0,17.726822379487242
0,148,1,27,1,11.5,572.7580201868373,0.7484507530477407,-90.96852422063085,0.0,5.506732776397895
0,148,2,40,2,23.0,493.7638677104459,9.448412757409114,-82.26856221626947,1.0,19.76544367994536
0,149,0,2,2,23.0,393.79052457829636,11.46106424111031,-80.25591073256828,1.0,21.29864169437481
0,149,1,62,1,23.0,245.9524694753778,18.93151297072957,-72.78546200294903,1.0,22.925606507324463
0,149,2,55,3,23.0,370.4163637522564,17.910719817597073,-73.80625515608152,1.0,21.775759906042005
0,150,0,78,2,23.0,597.5167004190351,9.858860946592586,-81.858114027086,1.0,21.93641772104427
0,150,1,66,3,23.0,238.9599248921203,12.99703687434558,-71.54414219749803,1.0,9.515023433450999
0,150,2,71,3,23.0,367.71291778107025,8.580017992228933,-81.55708818720207,1.0,7.997036319450089
0,151,0,19,2,23.0,479.25293396115114,6.532341050234277,-78.25155631184485,1.0,9.129821382219244
0,151,1,36,3,23.0,484.3047842692295,6.5932052095136795,-85.1237697641649,1.0,22.12020492992434
0,151,2,74,2,23.0,584.2441231685439,6.0302022540605025,-82.17565606720775,1.0,7.5421378945867
0,152,0,55,0,23.0,373.61856895078546,13.506934765074558,-78.21004020860403,1.0,19.96877449746382
0,152,1,63,3,23.0,292.64886306682445,16.159376392567463,-75.55759858111114,1.0,22.669792373405848
0,152,2,18,2,23.0,195.11889876761697,22.522267237040875,-69.19470773663772,1.0,21.396793550861453
0,153,0,1,2,23.0,378.0860321001117,16.834992284209424,-74.88198268946917,1.0,20.95813057820056
0,153,1,63,3,23.0,292.64886306682445,12.526320202214906,-72.88692504238172,1.0,8.346796164082196
0,153,2,29,3,23.0,425.7729620558825,7.201253552277077,-75.90779130971158,1.0,8.989374065315085
0,154,0,10,2,23.0,291.6631963360822,0.9169276208269052,-76.56872232398362,0.0,7.702271686034527
0,154,1,5,3,23.0,404.33778258792375,15.9224942719605,-75.79448070171809,1.0,20.166353581880895
0,154,2,15,2,23.0,327.3441243107188,6.151828129979333,-71.24178553542306,1.0,8.971262082085662
0,155,0,0,0,23.0,543.2358980449314,12.007844135816658,-79.70913083786193,1.0,22.455101641905035
0,155,1,76,3,23.0,547.633963847331,7.953231373869897,-83.76374359980869,1.0,22.59864838880094
0,155,2,56,2,23.0,457.3457118605647,10.467932310803809,-81.24904266287479,1.0,22.714423921289015
0,156,0,47,2,23.0,282.53160293313107,14.188654301486018,-77.52832067219258,1.0,21.455536465983894
0,156,1,20,3,23.0,285.7392763388071,3.2136366403125156,-75.47012507835147,1.0,7.951341259252551
0,156,2,21,3,23.0,377.34484417216913,7.561803610231417,-82.34667247017813,1.0,9.319524993638893
0,157,0,28,2,23.0,308.63743431794524,2.9851406969106273,-75.03644044903821,0.0,9.281289928079463
0,157,1,30,3,23.0,229.28905721824046,17.735424826570785,-73.98155014710781,1.0,20.86089033959628
0,157,2,68,2,23.0,93.55396831257114,12.731566165324084,-64.38662086949768,1.0,8.539230065668264
0,158,0,2,0,23.0,392.34378333620236,11.822648442868287,-79.8943265308103,1.0,20.339204172276172
0,158,1,74,3,23.0,584.2441231685439,12.56049130200261,-79.15648367167599,1.0,22.25982440589746
0,158,2,34,2,23.0,557.1697466019018,9.49251091468016,-82.22446405899844,1.0,23.49503952421606
0,159,0,41,2,23.0,484.55489510656605,8.815569399735022,-82.90140557394358,1.0,23.681941486704716
0,159,1,45,3,23.0,584.9148514368716,0.3085632933351529,-80.45038464747603,0.0,7.869305343054078
0,159,2,71,3,23.0,367.71291778107025,7.259141338862115,-78.59274294783235,1.0,8.165939881820618
1,0,0,41,0,11.5,605.2525453445842,-4.018934995416851,-95.73590996909545,0.0,4.704750174672555
1,0,1,65,1,0.0,92.93146382877443,7.547055949366697,-84.13137730562593,1.0,2.606034319763748
1,0,2,13,1,11.5,424.1508458901117,0.4933218131311954,-91.14547502812934,0.0,4.075472150028554
1,1,0,69,3,23.0,754.0814153238503,3.600049820573003,-88.1169251531056,1.0,14.217687547436679
1,1,1,44,0,11.5,340.28265150389217,4.045063923409161,-87.67191105026942,1.0,9.617312950441095
1,1,2,11,2,23.0,402.6824200342493,11.249664897130035,-80.46731007654856,1.0,13.93212572011016
1,2,0,71,1,0.0,247.45604679590704,-2.915020105997454,-94.63199507967603,0.0,2.967927605888728
1,2,1,21,2,23.0,394.1714916590522,13.321859020878918,-78.39511595279967,1.0,12.091082105518177
1,3,0,10,1,11.5,843.0152723748871,-16.302764272911812,-108.0197392465904,0.0,3.2503116891317685
1,3,1,56,3,0.0,159.26604733948847,-0.025256424879407137,-91.74089540752165,0.0,2.543520352800374
1,3,2,76,3,0.0,197.9634598351297,-0.38456699577662967,-92.05627466652595,0.0,2.8852535215156023
1,4,0,45,2,23.0,585.4293176585027,-1.7015168213636165,-93.40612032977879,0.0,9.252469566758936
1,4,1,65,2,0.0,87.28875438200532,10.238906757307458,-81.23484143033346,1.0,10.416928823117019
1,4,2,78,3,0.0,295.0292048451598,-1.7669245422137738,-93.48389951589238,0.0,3.670811630559875
1,5,0,42,2,23.0,338.9475800363797,17.315263218395838,-74.40171175528276,1.0,14.917694691917532
1,5,1,51,1,0.0,143.23069805549724,0.008297818785385493,-89.1610302125622,0.0,7.998399681325622
1,5,2,10,1,23.0,366.4993945647967,17.82694137765025,-73.88908560472814,1.0,14.513912903708857
1,6,0,42,1,23.0,337.3716978756288,16.044008093078965,-75.66148257828515,1.0,16.717316026815897
1,6,1,17,0,23.0,1024.4380512612122,4.421302330565739,-87.29567264311285,1.0,15.342392631745469
1,7,0,59,3,23.0,807.7087337665218,-1.3881376551825282,-93.10511262886111,0.0,11.355435090188912
1,7,1,65,0,0.0,84.8093679714363,7.209213100114865,-83.70084576665107,1.0,7.3825736869754595
1,7,2,52,0,11.5,650.3916129008055,-4.862745254022832,-96.55074902759634,0.0,10.080710986095923
1,8,0,75,0,0.0,95.35047994598565,-2.3208425120323932,-93.77047959211721,0.0,4.3354631851539605
1,8,1,36,0,23.0,444.45035671067694,9.543325733962218,-82.17197265203347,1.0,11.480505310858122
1,8,2,0,2,0.0,91.39686583773063,-2.8697507222053926,-94.58672569588398,0.0,3.560560791498139
1,9,0,76,3,23.0,864.1025341990074,-3.0188579126244814,-94.71400182704464,0.0,10.085510351533827
1,9,1,54,3,0.0,343.5674657635326,-3.9801570135800386,-94.5059513226303,0.0,4.474750575003123
1,9,2,0,0,0.0,90.09309816713235,4.661022714429116,-87.05595225924947,1.0,9.853147421969982
1,10,0,54,2,23.0,645.0308282536073,-0.727279788522135,-92.23614908130992,0.0,11.574230593330688
1,10,1,51,2,0.0,127.20198617756873,0.4323788863683993,-86.07575638078828,0.0,3.9358146247258508
1,10,2,78,0,11.5,291.02828657061536,3.1689366496996545,-88.54803832397893,1.0,8.617981094453055
1,11,0,57,2,23.0,1099.53472689454,0.7052536039058936,-85.15626208484798,0.0,12.747101565048924
1,11,1,19,0,11.5,118.4416368797868,8.156869837443178,-83.56010513623542,1.0,13.50182570971435
1,11,2,8,2,23.0,652.6316019841796,1.9788669848040865,-88.49963268709992,0.0,8.039623682921361
1,12,0,70,1,23.0,273.1173897156761,2.675984328217883,-89.04099064546071,0.0,15.61365767944741
1,12,1,46,3,11.5,138.25820413917307,13.357417077944998,-78.3595578957336,1.0,16.74705840422436
1,12,2,11,2,23.0,360.3676499920716,11.501528424678785,-80.21544654899981,1.0,12.443480131239518
1,13,0,39,1,0.0,375.8825013987434,-10.665594917021533,-102.3821020031501,0.0,1.6332391737474987
1,13,1,9,0,0.0,477.43082304203784,-15.550997924784815,-107.2679728984634,0.0,1.478719432528753
1,13,2,35,1,0.0,553.7770231125592,-11.717799661262433,-103.38554878843885,0.0,0.7691313970295451
1,14,0,75,0,0.0,92.38715448148311,5.361684065759274,-86.35499383914443,1.0,5.963521588825794
1,14,1,65,0,0.0,85.53946938150926,9.546162524587952,-82.15807743150498,1.0,10.508227489239616
1,14,2,27,1,23.0,1064.927823027756,0.5322433269760055,-91.18473164670257,0.0,8.593030580154474
1,15,0,75,1,11.5,92.49143218551664,14.778558639454554,-75.93984201989257,1.0,11.503420377478125
1,15,1,22,2,0.0,308.4543616951939,-5.4220966894538165,-97.13907166313241,0.0,4.7853762111383
1,15,2,20,1,23.0,812.6161400452353,6.243144542171008,-83.66017860395408,1.0,9.4281264876421
1,16,0,71,0,11.5,195.49026037617722,7.121794680993179,-82.55242233910216,1.0,11.019392036869347
1,16,1,29,0,23.0,709.6588769308538,3.121457748760526,-82.42651882434829,1.0,17.21298246811341
1,16,2,38,2,23.0,651.2286678472072,8.602278702718074,-83.11469627096052,1.0,16.188406131183243
1,17,0,63,1,11.5,295.8659997035243,3.595724365288196,-88.12125060839038,1.0,7.672726221906372
1,17,1,26,2,11.5,620.2433206411117,1.3796410324586743,-90.33733394121992,0.0,6.82182721058232
1,17,2,17,0,0.0,412.8715759235519,-5.615105274936212,-97.3320802486148,0.0,5.397959514356118
1,18,0,16,2,11.5,132.59968125234133,-0.2214014458573822,-84.83017099791091,0.0,9.319071192896162
1,18,1,19,1,23.0,100.52234945113051,23.334064271030172,-68.38291070264843,1.0,18.713549560923465
1,18,2,0,2,23.0,86.18108614356333,24.677699678346464,-66.54745648866214,1.0,15.182342010162316
1,19,0,49,1,23.0,181.40232778787686,24.387226904708537,-67.32974806897005,1.0,13.353734240085453
1,19,1,18,0,11.5,573.0930877120556,-3.4302750070921633,-94.12609535724478,0.0,14.140202511343555
1,19,2,10,0,11.5,316.5789164097647,-1.773768318196042,-91.40924218284596,0.0,10.02334880825067
1,20,0,75,1,11.5,95.55657277467121,20.791837226618668,-70.92513774705992,1.0,12.587125455812581
1,20,1,56,3,11.5,106.11969564773035,13.986457293746149,-77.73051767993245,1.0,11.249657192334613
1,20,2,41,2,23.0,999.4983899616515,4.89966567306625,-86.81730930061234,1.0,12.412025417792734
1,21,0,9,2,23.0,463.5580002877167,7.758060614926645,-83.95891435875194,1.0,17.78375696359047
1,21,1,31,0,11.5,250.72752960745532,2.1985034077968892,-85.97254435967159,0.0,10.985346757257359
1,21,2,57,0,23.0,752.2889203982642,2.350263891352004,-85.01696798949064,0.0,12.481901528980297
1,22,0,39,1,0.0,342.45576905997115,-9.934051816901574,-101.65102679058015,0.0,2.6781275943921075
1,22,1,51,0,0.0,95.084673320396,-0.6302956926150299,-92.34727066629361,0.0,2.426203915501653
1,22,2,67,3,11.5,236.23735142254188,8.801609307648523,-82.91536566603007,1.0,4.411558228776222
1,23,0,71,0,11.5,170.46822373976119,10.331129809862832,-78.58771377209145,1.0,9.52464107573039
1,23,1,72,0,23.0,238.46643653273776,3.3167617247897123,-86.27661282595277,1.0,14.51087856061682
1,23,2,34,1,11.5,361.1259043712892,4.091794328701457,-87.62518064497714,1.0,11.753104233853932
1,24,0,5,0,23.0,408.883802921685,12.6202522556952,-79.0967227179834,1.0,17.50901480918238
1,24,1,2,1,11.5,158.51254209129308,5.646659025926935,-84.86153384944697,1.0,12.930297833633409
1,24,2,52,1,23.0,584.3225908736081,9.471118469688896,-77.38868490889757,1.0,14.72050927236458
1,25,0,29,0,0.0,232.13268102059223,-2.1783994870903993,-91.92138166223033,0.0,3.40537713974637
1,25,1,56,0,23.0,94.19697963196786,19.391575850940686,-65.65082434365941,1.0,14.184045387524861
1,25,2,60,0,23.0,336.1338099029029,2.799021149992625,-79.00638380441373,0.0,8.10337788564399
1,26,0,71,1,0.0,160.0467910795626,-3.8479945650466347,-93.49117185684102,0.0,3.558165501858627
1,26,1,9,1,23.0,436.663049053944,11.173290709389654,-80.50285818782795,1.0,14.26792470597314
1,26,2,67,2,0.0,234.74496445047177,-5.279216760143734,-96.99619173382231,0.0,3.720036758642611
1,27,0,49,2,11.5,155.39941039273774,2.3480937432149465,-89.12113438555059,0.0,5.374437881771268
1,27,1,68,2,11.5,512.8219505262064,-0.0007195580995466017,-91.56562269336422,0.0,7.921485450351257
1,27,2,47,0,0.0,237.56287252791972,-0.49805680119749296,-92.21503177487608,0.0,6.49648735652039
1,28,0,71,0,0.0,153.22754981219623,-1.7049172876594194,-92.46743487488621,0.0,3.4910674425068606
1,28,1,2,1,0.0,146.3125093470437,-0.12569272563033967,-91.84266769930893,0.0,9.907573960708355
1,28,2,3,0,23.0,390.3775977681018,-1.6240997870792973,-93.33860595546925,0.0,9.257143386866051
1,29,0,75,0,0.0,110.38372629751386,4.972045983100753,-86.74492899057783,1.0,10.241594085618612
1,29,1,34,3,23.0,1020.5378460310421,0.5938092254321958,-91.1231657482464,0.0,15.012285896567636
1,29,2,0,1,0.0,100.52040283047444,3.9910489154857864,-87.72592605819281,1.0,9.040576363300195
1,30,0,27,0,23.0,793.9281484488126,-0.5223671375964579,-92.23934211127505,0.0,13.00244541315362
1,30,1,22,3,0.0,254.529465628852,-3.847832274376586,-95.56480724805517,0.0,10.2037056447758
1,30,2,13,1,11.5,319.03615362173736,7.248064609888215,-84.46891036379037,1.0,7.838092366532258
1,31,0,12,3,11.5,311.183192734712,-0.12694151521258196,-91.84391648889117,0.0,7.154564623979864
1,31,1,35,2,11.5,447.1286641034513,1.3511760680256832,-90.36579890565291,0.0,9.01776310638431
1,31,2,67,1,0.0,234.40688661918165,-2.4038190249620737,-94.12079399864066,0.0,3.0965027164998538
1,32,0,37,3,0.0,170.85863992098587,-5.501916494818536,-97.21518350959208,0.0,2.8685284851562365
1,32,1,46,0,11.5,94.21452112925532,12.082337087337685,-79.6346378863409,1.0,5.870778266609825
1,32,2,45,3,0.0,541.3903002091124,-12.093637735475177,-103.78226223568433,0.0,1.9666417197560477
1,33,0,31,0,23.0,628.088266649586,0.40349814131626105,-86.02688736700507,0.0,17.206566709845553
1,33,1,40,0,11.5,271.4960978641895,5.888245469922214,-83.33524561184288,1.0,12.277760526472644
1,33,2,20,1,23.0,741.2754212343064,9.305414464870848,-82.41156050880774,1.0,14.378536139539879
1,34,0,23,0,23.0,337.8936378271738,19.546299416567734,-72.17067555711085,1.0,12.296800237322895
1,34,1,51,3,0.0,80.68360994263011,-0.9035846504561297,-90.75124228837042,0.0,7.718481257828309
1,34,2,76,3,11.5,191.39987977948076,6.830775050972142,-84.85663790533538,1.0,7.512448414537477
1,35,0,29,3,11.5,213.7225872185965,1.3875885915876536,-90.32938638209095,0.0,7.50841579822216
1,35,1,24,2,11.5,352.1137443373194,-5.020040778020717,-96.7370157516993,0.0,8.936894555673325
1,35,2,60,0,11.5,299.8694698375736,5.27810697833734,-86.43886799534124,1.0,6.210285077578333
1,36,0,32,0,11.5,353.70729444144075,-0.24172474996426674,-91.95869972364285,0.0,8.61896718108755
1,36,1,61,2,11.5,337.749669175744,1.6465516266240996,-90.07042334705449,0.0,10.122917354718515
1,36,2,74,1,11.5,602.2730571629663,-6.2128011687132805,-97.92977614239186,0.0,5.644126819054087
1,37,0,22,0,11.5,573.349619604413,-12.140346398024331,-103.85732137170291,0.0,7.959351299846659
1,37,1,51,2,11.5,81.22211747182224,17.09487197195508,-74.61840447120763,1.0,8.20505695109829
1,37,2,47,2,0.0,200.64291879667468,-4.3226419029100365,-95.57279706100982,0.0,2.922703911566882
1,38,0,15,2,23.0,765.1546553433366,-0.5475216316051289,-89.47725103005367,0.0,17.222797616560253
1,38,1,69,2,11.5,281.7073164536416,-1.270438577458536,-89.6214257118835,0.0,13.51445250881013
1,38,2,43,0,23.0,327.8737562152616,15.129591321155559,-76.58738365252303,1.0,16.155614770618275
1,39,0,74,3,23.0,461.4646198468031,12.09767008758443,-79.61930488609417,1.0,13.929015076020862
1,39,1,56,2,0.0,80.26068926041589,3.5347194832428204,-88.18225549043576,1.0,11.055606592008452
1,39,2,78,1,0.0,299.3399699930213,-8.647370967814494,-100.3643459414931,0.0,2.4675432243397184
1,40,0,75,2,0.0,139.41532516654357,-2.2434397079312554,-93.21795096651044,0.0,3.3648218995733603
1,40,1,52,2,11.5,313.92435192791635,2.631423031744559,-88.8628313354011,0.0,14.526509272851417
1,40,2,26,0,23.0,400.1329388081027,6.442503670880846,-85.27447130279775,1.0,11.62185454820436
1,41,0,63,2,23.0,212.92964977845247,12.183759349776649,-78.62021708588449,1.0,14.0504376040384
1,41,1,28,3,11.5,216.73382370699656,7.997938690652596,-83.71903628302599,1.0,14.58812612902362
1,41,2,13,2,11.5,283.4715399745093,0.4062695752418106,-86.13268214585469,0.0,7.712978242199195
1,42,0,70,2,11.5,179.9882459177674,6.891212462339248,-84.14655996863056,1.0,7.246658701827345
1,42,1,51,0,0.0,85.9205725577981,9.29281387366511,-82.42416110001346,1.0,6.00462085335755
1,42,2,53,2,11.5,559.1194644957453,-1.1038135614304572,-92.33290620551543,0.0,5.925353945295607
1,43,0,5,1,11.5,366.19734016946546,6.518365199694825,-85.19860977398378,1.0,11.568279664928538
1,43,1,7,2,11.5,441.64630794542444,0.1270068921504355,-91.58996808152816,0.0,9.969252149695928
1,43,2,11,0,11.5,244.34110643080285,5.1687902143960605,-86.54818475928252,1.0,8.70986422282302
1,44,0,12,1,0.0,294.1122858014839,-6.675932783945667,-98.39290775762424,0.0,3.971820098637462
1,44,1,46,0,11.5,94.2178485187933,10.307846407307967,-80.36863761638503,1.0,6.9663551425543595
1,44,2,55,0,11.5,255.1867295719118,3.1490469990562024,-88.05771393230637,1.0,5.406202499628136
1,45,0,47,0,23.0,592.4455837527375,2.1944915795648896,-84.06491640275819,0.0,9.501172016545887
1,45,1,67,0,23.0,711.2655854824196,2.4210431793539717,-87.36960266541126,0.0,14.01603174374375
1,46,0,66,3,0.0,645.1171158511789,-11.989114615411875,-103.61126665735225,0.0,1.6965691721123406
1,46,1,60,0,0.0,479.6854746451907,-8.879099590560795,-100.59607456423939,0.0,1.7132011740740436
1,46,2,67,3,0.0,243.4558665824912,-10.326658249208847,-102.04012060639039,0.0,0.9210328659377398
1,47,0,74,1,0.0,457.1860059376779,-9.021681174013175,-100.59551583543453,0.0,3.07266781786659
1,47,1,31,1,11.5,190.9550584416197,11.219704398997097,-80.26074373896091,1.0,7.054107981441314
1,47,2,55,0,0.0,249.56747491965933,-2.158705005087405,-93.875679978766,0.0,1.0638152722239704
1,48,0,63,3,23.0,191.05859484440523,17.655388957081207,-74.06158601659739,1.0,17.485709157616466
1,48,1,57,2,11.5,330.48112879763966,4.523766777146031,-87.19320819653255,1.0,14.208043051487362
1,48,2,0,1,0.0,154.42978074405454,0.9462564534578264,-90.77071852022075,0.0,5.818546725423311
1,49,0,24,0,11.5,550.7124719860409,-4.7051453234457865,-96.03669214155832,0.0,7.087394370188189
1,49,1,28,0,0.0,193.87958788195388,-3.7679008717859634,-93.69900971260732,0.0,4.162425174887568
1,49,2,31,0,11.5,743.8278094174754,-3.271464439310903,-93.70352892954132,0.0,5.110352291791993
1,50,0,75,3,11.5,171.43342741927285,8.705109821113195,-83.01186515256539,1.0,13.573801005408136
1,50,1,2,0,11.5,100.52628782037618,14.638274788235428,-77.07870018544315,1.0,14.176922158532847
1,50,2,77,2,23.0,514.2856391308527,3.0278170334393186,-88.68915794023927,1.0,14.19201809300548
1,51,0,5,2,11.5,351.6045601944087,-2.255846170860662,-93.97282114453924,0.0,4.982384994377618
1,51,1,62,0,0.0,223.15773519384283,-4.993232395673483,-96.71020736935206,0.0,4.124253104813561
1,51,2,10,3,0.0,214.08474216245605,-8.170302424575974,-99.88727739825458,0.0,1.7444813505909176
1,52,0,14,1,0.0,151.53104060875037,-4.151319753411011,-95.86829472708959,0.0,5.139846151334147
1,52,1,78,0,23.0,726.2467538147895,2.14130846692027,-89.57566650675831,0.0,16.470003382316783
1,52,2,43,2,0.0,280.36752684782965,-13.413007384321514,-105.12998235800009,0.0,0.8113897074510829
1,53,0,29,3,11.5,197.39938482349731,6.5337211997558065,-85.18325377392279,1.0,10.328193653372452
1,53,1,54,2,11.5,209.73780595187483,-0.2229184515514493,-90.58030124415092,0.0,9.488581485054842
1,53,2,43,2,11.5,277.0956580119196,5.287335687243159,-84.4799654364719,1.0,5.719583968618199
1,54,0,34,2,11.5,628.4034410022027,-7.606091486711632,-99.32306646039021,0.0,6.108597349096077
1,54,1,51,0,0.0,111.94237178829066,-0.22384443857765168,-91.64473349633583,0.0,3.7946975572953976
1,54,2,53,0,11.5,512.395951069289,1.1940287031360963,-90.35694506865774,0.0,7.052010414259374
1,55,0,23,0,11.5,285.05924984304283,6.044309449491202,-83.30807438700148,1.0,10.761112467995236
1,55,1,68,1,23.0,403.1773116467039,7.107310443304588,-84.609664530374,1.0,18.63052042736662
1,55,2,34,0,11.5,356.5569422080508,-4.872077124304495,-95.93703711554703,0.0,3.948626901164351
1,56,0,75,2,11.5,192.08615859549772,9.051569475241878,-81.94536519895836,1.0,11.112612734307222
1,56,1,3,0,23.0,826.567531902556,7.590885290060228,-84.12608968361836,1.0,21.896827841859075
1,56,2,17,2,11.5,351.21754681228697,1.3866325921298042,-89.29825109025532,0.0,10.225970039097058
1,57,0,4,3,11.5,103.8634066320855,-1.173432049200671,-92.26198859813273,0.0,8.42554525382892
1,57,1,22,2,11.5,168.17648170134845,6.644201198829599,-85.07277377484898,1.0,16.29710642773946
1,57,2,6,3,23.0,576.9187253950233,7.910919806676625,-81.46803601370856,1.0,13.841655005807016
1,58,0,12,0,11.5,285.3458465192352,3.390713324555497,-87.02972856972885,1.0,11.131901002628137
1,58,1,27,2,11.5,289.43690726944857,-2.6919137803311575,-94.40888875400974,0.0,11.072630290907503
1,58,2,50,0,11.5,178.9957042653403,4.953192781092028,-86.6332896150903,1.0,6.59034389251471
1,59,0,74,3,0.0,454.9321015355856,-11.348055351832345,-102.9549439734954,0.0,3.898505520702057
1,59,1,59,0,11.5,336.2085926981803,-5.941047750046966,-97.65802272372555,0.0,7.142110377910063
1,59,2,67,3,0.0,262.37830205355743,-8.047126257975933,-99.64664390012089,0.0,3.195534548519274
1,60,0,29,1,11.5,197.88064840053707,11.637378590657367,-80.07694932387511,1.0,13.574569918456957
1,60,1,46,1,0.0,126.67217122703309,-0.6333492315686939,-92.27789052236363,0.0,4.483150770687512
1,60,2,62,2,23.0,453.75635808249206,15.752760621590285,-75.9642143520883,1.0,13.742409624499592
1,61,0,26,3,23.0,345.1953888230328,0.010311487635913384,-77.10885286334575,0.0,11.239579268262103
1,61,1,54,3,0.0,192.8277863627707,-3.688767900036755,-92.68652650921555,0.0,2.5583607449649133
1,61,2,48,3,23.0,737.0163227170933,1.0113873129336914,-80.22782250446264,0.0,9.452114592299427
1,62,0,49,2,0.0,99.56646136346654,4.632763669177931,-86.0008256366282,1.0,5.244349821475711
1,62,1,45,2,11.5,934.8460819762831,-9.354240399048239,-101.01816429641622,0.0,8.586255618032476
1,62,2,0,3,11.5,203.39092092360113,0.749969638054082,-90.96700533562452,0.0,5.980882768864513
1,63,0,10,0,23.0,609.7580004445632,7.4645993984839585,-84.19783386998135,1.0,12.928001480854448
1,63,1,56,0,0.0,129.86857912584398,-0.9470883608835214,-89.1201570571343,0.0,4.246232894911737
1,63,2,35,3,11.5,456.2496249044173,2.3320164297559187,-89.38495854392266,0.0,12.5685586381426
1,64,0,9,3,23.0,346.07052691649807,8.122194563954942,-83.59478040972364,1.0,19.665413335994188
1,64,1,44,1,11.5,126.63911478104447,15.819746622191978,-75.89722835148662,1.0,17.149627278272426
1,64,2,34,0,23.0,363.4757430539182,7.545361643641446,-84.17161333003713,1.0,19.459953592831226
1,65,0,14,0,11.5,197.37497492727562,14.358093207365883,-77.3588817663127,1.0,20.64805873328659
1,65,1,33,2,11.5,131.19624497069134,11.947117946828289,-79.76985702685029,1.0,16.331074840662996
1,65,2,31,3,23.0,683.1967246155882,9.106141088799141,-82.61083388487945,1.0,14.40378403676484
1,66,0,49,0,11.5,103.83913684260756,16.326220368040005,-75.00046190739319,1.0,10.990084481551436
1,66,1,65,2,11.5,239.4345559035126,-0.1017403858520736,-91.81871535953066,0.0,13.778078215544362
1,66,2,43,0,23.0,236.60663601605117,12.23385755244095,-75.92086946574683,1.0,14.215000760712556
1,67,0,75,3,23.0,231.63151379711553,1.8606450287134644,-89.70633291976439,0.0,17.848224365432173
1,67,1,62,3,11.5,174.79476617222565,11.321521344661152,-79.86387755188177,1.0,8.96070535094013
1,67,2,74,0,23.0,561.9144156291728,10.048445006397834,-81.66852996728075,1.0,20.215073900089934
1,68,0,71,1,11.5,87.36598739284902,8.75655316263119,-81.9963312375671,1.0,13.168496934569772
1,68,1,6,0,23.0,408.2919568862431,8.016522467603647,-83.70045250607495,1.0,17.43981445147092
1,68,2,10,1,11.5,173.97018325289133,5.1794130292428875,-85.05325527381133,1.0,9.639171217343552
1,69,0,6,3,23.0,185.1052888191893,18.74564547858082,-72.97132949509776,1.0,21.162544605556338
1,69,1,28,0,11.5,151.94951544453278,6.318603032599086,-76.42050914183258,1.0,11.253886712525848
1,69,2,61,0,23.0,367.98218485732815,2.864605062621259,-79.12710610187773,0.0,15.862955411331388
1,70,0,49,1,0.0,110.28894981816121,-2.0844135700814364,-90.79118338541532,0.0,2.7321020766564157
1,70,1,72,0,0.0,89.89878214488013,6.880304256647856,-84.83667071703073,1.0,12.377056459774142
1,70,2,61,1,23.0,364.5059447618766,6.5515737241939895,-85.01999721287422,1.0,11.898625731342314
1,71,0,28,1,23.0,465.2400212843557,5.287197706337045,-82.21827691805106,1.0,18.578090053993563
1,71,1,21,1,11.5,249.2041940656953,-0.05460870305781869,-85.25295335540221,0.0,11.632698813689741
1,71,2,0,0,23.0,236.5212040931686,10.72058647202825,-80.99638850165034,1.0,19.504427237053342
1,72,0,68,0,23.0,277.2979138045333,14.30941462226085,-77.3838344494149,1.0,14.293558395434019
1,72,1,19,0,11.5,180.3894811490128,7.041191543533979,-77.68516747051831,1.0,9.93947982878937
1,72,2,10,2,0.0,167.17321249229096,0.09840641687453044,-91.61856855680406,0.0,5.072163954253136
1,73,0,32,3,23.0,363.87554529152624,6.701684365160634,-78.43711896466235,1.0,13.349414484237094
1,73,1,31,2,11.5,178.0319482166822,10.431133588963037,-81.28584138471555,1.0,19.33532497633794
1,73,2,53,3,23.0,438.9807318148172,4.764976464689687,-80.88478619812236,1.0,12.636411176462406
1,74,0,70,1,11.5,138.3086142613742,12.330821537454487,-79.3861534362241,1.0,21.206414616142705
1,74,1,72,2,11.5,84.81699663785211,14.567131998836762,-77.14984297484182,1.0,14.482331978604511
1,74,2,36,0,23.0,484.6453881398727,10.299792028367596,-81.417182945311,1.0,16.680589693860284
1,75,0,12,2,0.0,289.2852266103218,-4.383827461390688,-95.89214646987956,0.0,3.716811063718567
1,75,1,51,2,11.5,180.63611702594798,9.176936650217918,-82.46266698906174,1.0,8.66231262047053
1,75,2,74,2,11.5,555.530955733043,-13.582225324407393,-105.03739136466561,0.0,7.362261993104223
1,76,0,6,1,23.0,166.62033253380562,18.75306554161031,-72.96390943206829,1.0,19.136511978316392
1,76,2,76,3,23.0,286.753316512316,6.663201462440327,-85.05377351123826,1.0,19.425149417539792
1,77,0,63,2,11.5,128.8509011070053,9.842857709831375,-76.04320549219095,1.0,8.088642900518337
1,77,1,65,2,23.0,281.062890042907,7.276462345164432,-75.67884931706446,1.0,12.876743068109693
1,77,2,50,2,23.0,119.34312380990477,7.3957580272643355,-71.7249643298214,1.0,8.982688974983823
1,78,1,33,2,11.5,117.26033770916597,9.758968499402066,-81.73258254954521,1.0,14.260025181734706
1,78,2,24,0,23.0,754.512678333123,4.184771619855691,-87.5322033538229,1.0,15.145939369218294
1,79,0,10,1,23.0,548.5394282509185,3.003186060020745,-88.09315147854298,1.0,12.511589849904006
1,79,1,46,1,11.5,187.61351682169692,4.784360782360304,-83.66937001420953,1.0,9.037364847513146
1,80,0,52,3,23.0,381.2230500472744,3.7787158970914305,-79.87854331654592,1.0,13.597970178440166
1,80,1,26,3,11.5,371.8759955762119,-0.8105943304076357,-85.4635707201468,0.0,6.361931418444411
1,80,2,59,3,11.5,264.61579877878137,-0.1735624619442899,-82.23840484629488,0.0,8.28108688362603
1,81,0,71,3,23.0,116.2192291143033,11.771592529492441,-79.9403606578706,1.0,13.451233902314993
1,81,1,19,3,0.0,212.959233823947,-8.420484032055015,-100.12718362982409,0.0,2.3313439607465734
1,81,2,78,1,11.5,380.0303155592324,3.911807901523643,-87.80516707215496,1.0,14.604239977369199
1,82,0,40,1,23.0,550.5329585414714,5.255070618022214,-86.46190435565637,1.0,16.319779228539716
1,82,1,33,3,0.0,117.35677254774845,-1.3204436761498253,-92.99398823483142,0.0,3.0005548101557453
1,82,2,22,3,11.5,518.5058341882356,0.26233006064924475,-91.19399804845543,0.0,14.458463155621976
1,83,0,44,2,23.0,510.5313555702457,7.3849618048022645,-84.33201316887633,1.0,17.66965437058569
1,83,1,66,3,11.5,285.32436040583025,5.274560790433781,-86.44241418324481,1.0,16.90399156561422
1,83,2,10,1,11.5,155.59673305808786,10.426053480580812,-81.29092149309777,1.0,13.429601452757462
1,84,0,45,3,0.0,507.85585235638484,-10.756907742342655,-102.45466150044132,0.0,2.3389958610616457
1,84,1,59,0,0.0,268.5235905684665,-11.298545085519763,-103.01552005919834,0.0,2.6608416820030234
1,84,2,43,3,0.0,190.03069387879643,-1.489976252539945,-93.1749295966404,0.0,3.0042190624534433
1,85,0,70,2,0.0,148.78479363440792,1.1440753588191672,-88.62572901366505,0.0,6.00250435583826
1,85,1,56,2,11.5,206.42975798272593,4.4840774736969555,-87.17767361661677,1.0,15.004415919780728
1,85,2,57,3,23.0,619.4250064289179,2.2831718513043424,-89.43380312237424,0.0,16.116137356939667
1,86,0,32,3,11.5,381.27295929897724,-4.3868830969779395,-96.10043642204968,0.0,7.881446189517565
1,86,1,19,1,11.5,231.49299707341882,2.943768404198531,-88.77320656948007,0.0,10.90141975311917
1,86,2,50,3,0.0,99.22083670988111,3.177756648560084,-87.48986425964569,1.0,3.373469350458808
1,87,0,28,2,23.0,419.2555567937401,-0.47370085055907163,-89.65938497378698,0.0,13.815486796735929
1,87,1,44,0,0.0,106.14631386906238,5.8146783037796625,-85.90229666989893,1.0,12.066994216435225
1,87,2,13,2,11.5,180.83226783353206,6.21524480501285,-75.00201902775385,1.0,8.223198744282827
1,88,0,4,3,0.0,99.29248610012564,1.9170049496319619,-89.79997002404662,0.0,5.322742136511882
1,88,1,53,2,11.5,146.1489477880071,11.228420607268244,-80.48855436641034,1.0,15.606036147553985
1,88,2,69,1,23.0,723.3747021315774,5.773189851404119,-85.94378512227448,1.0,15.040182203671247
1,89,0,38,3,11.5,285.8086635591244,7.3900407296308686,-84.32693424404772,1.0,18.318421434940777
1,89,1,21,0,23.0,250.65481121304754,6.730792004025908,-84.98618296965269,1.0,19.50285426897048
1,89,2,18,2,11.5,137.8042054259346,6.391753063114996,-85.32522191056358,1.0,11.652405356722097
1,90,0,6,3,0.0,139.5101062409348,2.581340890177044,-88.89265148212769,0.0,2.722410114878209
1,90,1,1,1,0.0,265.5138512732245,-0.4721835548814027,-92.18915852856,0.0,2.467356314378919
1,90,2,10,3,0.0,154.42974256197857,-0.46988393082518,-91.97360130682586,0.0,2.576169123948932
1,91,0,14,2,11.5,295.24791218006357,6.2366698400098635,-85.48030513366874,1.0,18.025110724598747
1,91,1,52,3,23.0,127.86437322882648,22.841864910226064,-68.87511006345252,1.0,23.179720727301465
1,91,2,66,0,23.0,221.60907729934885,19.229884412942,-72.48709056073659,1.0,22.529752091514936
1,92,1,5,2,23.0,388.32787831412526,10.569041519135418,-81.14793345454316,1.0,15.208569791349603
1,92,2,55,0,0.0,233.02100411824654,-0.8000296625613507,-92.51700463623993,0.0,4.356121192760835
1,93,0,4,1,0.0,112.20170265913275,-0.2534752681115183,-91.9634114614483,0.0,4.782540712491482
1,93,2,14,3,23.0,673.2698922739938,7.3442767773932065,-84.37269819628538,1.0,13.570465688844589
1,94,0,0,1,23.0,673.3812487529362,10.249838634011592,-81.467136339667,1.0,19.665217297692703
1,94,1,54,2,23.0,175.3569587422009,21.4082861926769,-70.30868878100168,1.0,23.26490532010733
1,95,0,20,3,11.5,312.01504944478575,-2.075252792643927,-90.90250978933048,0.0,6.458647541870332
1,95,1,61,1,11.5,141.8180465790827,14.525302899833783,-77.1916720738448,1.0,14.579816022926659
1,95,2,59,3,23.0,233.89002264533747,14.187504977643428,-77.33654194493276,1.0,14.613160339116384
1,96,0,38,2,0.0,296.74026797492627,-7.8452914596764,-99.562266433355,0.0,2.371871195984573
1,96,1,27,0,11.5,394.07782789164463,0.7683539479775752,-90.9063258473425,0.0,7.2577688758502195
1,96,2,11,0,0.0,104.78422083112969,-0.17389512322660686,-90.3701896846205,0.0,4.643517258513284
1,97,0,64,0,0.0,395.2732285109336,-9.935143970412156,-101.65211894409074,0.0,4.231196570422827
1,97,1,28,1,11.5,155.8581411059465,10.700810438934896,-81.0161645347437,1.0,10.312079266377802
1,97,2,63,3,11.5,388.51367454982784,-2.034842708444637,-93.75181768212323,0.0,7.871626786549955
1,98,0,64,2,11.5,398.7756507160471,-3.0882079518179193,-94.6052770759363,0.0,7.345288960668739
1,98,1,54,0,11.5,179.8287155972148,6.771224439567335,-84.94575053411126,1.0,10.822264145401451
1,98,2,34,2,0.0,417.52438061348,-12.531508517455745,-104.20519472538484,0.0,2.9391065384215778
1,99,0,16,3,0.0,398.0783438796346,-7.1611803546575326,-98.8781553283361,0.0,1.258451994117792
1,99,1,25,1,11.5,260.38007604559897,-5.368607375772218,-97.0855823494508,0.0,14.549290986763857
1,99,2,47,2,23.0,106.6519953509989,25.791475359554795,-65.9254996141238,1.0,15.902743640927444
1,100,1,8,0,11.5,86.79018982041175,9.33904890030398,-82.37792607337461,1.0,12.251535942385818
1,100,2,69,2,23.0,678.1545231263885,3.986687633424239,-87.73028734025434,1.0,17.326079176865935
1,101,0,37,3,11.5,390.2494376595469,-3.582904963079925,-95.03722969024174,0.0,7.54628959906829
1,101,1,9,3,11.5,285.0981087146672,2.9050582409675925,-86.29636212564989,0.0,7.7477398165295135
1,101,2,77,2,11.5,432.13374099053993,-1.9018952637002837,-93.61887023737887,0.0,10.452684280578254
1,102,0,14,1,11.5,337.7599004370521,4.784398784169945,-86.93257618950865,1.0,13.024227438998368
1,102,1,25,2,23.0,269.4180967835732,16.03827257813257,-75.67870239554601,1.0,22.08579035901935
1,102,2,45,3,23.0,518.0967678730887,9.33645650894939,-82.3805184647292,1.0,21.77524404937908
1,103,0,42,1,11.5,403.153956298633,-2.4900449361791974,-91.34287724512889,0.0,5.527230471297667
1,103,1,60,1,23.0,301.8163810257855,6.142263603864299,-76.3749550811828,1.0,12.769657460049775
1,103,2,3,1,11.5,362.58316653594164,-4.346648450948444,-93.10274354821286,0.0,5.272079089985858
1,104,0,2,1,23.0,489.25551491676885,8.050271718318987,-83.66670325535961,1.0,17.370075148697648
1,104,1,31,3,11.5,232.98477060780402,6.0662279730501645,-85.61158028096281,1.0,13.13863547743439
1,104,2,47,3,0.0,120.0224118326059,1.9240257858032996,-87.491366899864,0.0,3.708717137932098
1,105,0,38,0,11.5,313.92111309240505,-0.2308952388959507,-86.4030327731015,0.0,5.614248963380082
1,105,1,52,2,11.5,91.34993951412719,14.33946977340808,-77.3775052002705,1.0,17.547468815071095
1,105,2,37,0,23.0,652.6802344117663,1.7025466754254523,-84.4157998268339,0.0,12.892493880352575
1,106,0,12,1,23.0,334.0985603240408,13.480569929672884,-78.2364050440057,1.0,18.657298415482504
1,106,2,15,2,23.0,323.47823338007805,8.99054926953237,-81.5497891117785,1.0,19.033278664480438
1,107,0,71,2,0.0,203.66417490936854,-1.677184268825753,-93.39415924250434,0.0,7.125048793044392
1,107,1,60,3,23.0,291.96299275353687,18.8460691124641,-72.8709058612145,1.0,17.552604458075592
1,108,0,55,0,23.0,527.9526039995894,11.479525735224952,-80.23744923845364,1.0,16.75292559705709
1,108,2,60,3,11.5,136.00276703325397,16.205203841543824,-75.25009678488102,1.0,17.135382320166478
1,109,0,5,2,11.5,330.0484950219713,-0.6041891498399646,-86.61543383230418,0.0,6.65742864367365
1,109,1,58,2,23.0,228.58949174644064,12.972758324247366,-73.84419803331325,1.0,18.66393288006939
1,109,2,63,3,23.0,358.17046043122286,17.507738392966885,-74.20923658071172,1.0,22.245721619371807
1,110,0,72,2,23.0,391.29876286966595,12.361156625455902,-79.3558183482227,1.0,20.4279704335096
1,110,1,32,3,11.5,687.8952500261805,-8.585937081557333,-100.0219090575911,0.0,9.426437275496307
1,110,2,73,3,23.0,493.047665268516,9.175782825592611,-80.76937525520975,1.0,14.359116132240175
1,111,0,64,2,11.5,445.0710585391482,3.3521579081987025,-88.01563671986627,1.0,5.7041638272853525
1,111,1,61,3,11.5,117.60530446858911,14.752561532764943,-76.96441344091366,1.0,19.183987173624306
1,111,2,58,2,23.0,448.8984414042682,0.6343727748440855,-85.29144099807765,0.0,12.602208212140273
1,112,0,63,2,23.0,168.5951045013113,23.622135307042633,-68.09483966663595,1.0,22.415972266545868
1,112,1,77,3,23.0,347.17290114069465,2.0100812009682105,-84.69716698895148,0.0,12.988341976242312
1,112,2,9,3,23.0,475.97022036327246,10.292400122775653,-76.77546233953234,1.0,12.546758947961028
1,113,0,20,2,23.0,285.582030333857,15.832861063365867,-75.88411391031272,1.0,25.431758254466757
1,113,1,25,1,23.0,304.31449096076517,13.05736833395997,-78.65960663971862,1.0,24.36834000364558
1,113,2,26,3,23.0,139.90137005763373,26.448995430470518,-65.26797954320807,1.0,22.827008697595115
1,114,0,11,2,23.0,347.95698094136543,13.18237774700304,-78.53459722667554,1.0,19.59828445574462
1,114,1,13,3,23.0,299.2929059734095,13.779052763310009,-77.70061685699719,1.0,22.27775794505633
1,115,0,64,2,23.0,459.5613396004479,10.01388296460143,-81.70309200907715,1.0,21.9035575067907
1,115,1,59,3,23.0,221.64410164161288,5.380920783895508,-74.04023838831128,1.0,10.548429583611615
1,115,2,1,3,23.0,511.28488117358995,1.24265312179442,-78.57442625949906,0.0,9.557634644309768
1,116,0,9,2,23.0,289.438264744456,17.34383994523848,-74.37313502844012,1.0,22.677072031338433
1,116,1,16,1,23.0,688.4324076726498,10.194156141864482,-81.5228188318141,1.0,25.49929563614083
1,116,2,50,3,23.0,117.9184120190071,26.046976982348863,-65.66999799132972,1.0,23.0371459306484
1,117,0,38,2,23.0,341.4196392344264,9.612180662449175,-82.10479431122941,1.0,22.024135784286496
1,117,1,71,3,23.0,442.6873975993071,4.420241721950013,-76.56604379532162,1.0,11.419285630506842
1,117,2,58,3,23.0,425.5616079905709,1.0029832684692472,-78.93112817227099,0.0,9.270143931766869
1,118,0,70,2,23.0,233.2205842772644,13.414786547483121,-78.30218842619546,1.0,21.85346507192704
1,118,1,52,1,23.0,80.79649740186248,33.32641751488913,-58.39055745878946,1.0,23.761126780622096
1,118,2,18,3,23.0,114.94989101390884,26.291858728512526,-65.42511624516607,1.0,23.84928258335857
1,119,0,68,2,23.0,111.90325133341221,23.930787891359596,-67.786187082319,1.0,22.02768177364127
1,119,1,43,3,23.0,239.94926960583086,8.200768603990195,-72.72797504700533,1.0,8.601853008455212
1,119,2,45,3,23.0,534.8782494960666,4.255894773554193,-82.54140546815633,1.0,8.699427816590322
1,120,0,31,2,23.0,408.43419699340154,17.377008508019617,-74.33996646565896,1.0,20.06820683304201
1,120,1,44,1,23.0,184.3651715592956,22.409685908726146,-69.30728906495246,1.0,27.353921925917703
1,120,2,67,3,23.0,431.25321255171224,9.8058648486001,-81.91111012507848,1.0,23.30062062958531
1,121,0,41,2,23.0,451.75211253309266,10.540488796012607,-81.17648617766598,1.0,21.20962092216125
1,121,1,45,3,23.0,700.003963747377,-0.19154438515385144,-83.67203347557677,0.0,12.664066509900122
1,121,2,35,3,23.0,440.5923350980101,6.4484628164644135,-83.29195995316717,1.0,10.62982758051498
1,122,0,5,2,23.0,346.9965138441967,16.554549958757235,-75.16242501492135,1.0,22.14590349940812
1,122,1,45,1,23.0,696.0303392804901,7.2938585468591395,-84.42311642681945,1.0,23.96034373223616
1,122,2,17,3,23.0,393.07829921572926,11.281595594018839,-80.43537937965976,1.0,24.054327728924637
1,123,0,6,2,23.0,157.21487022690323,17.688839722653718,-74.02813525102488,1.0,20.72124402675481
1,123,1,15,3,23.0,269.1613355861024,5.364929187449779,-75.38609679936313,1.0,9.771353167792906
1,123,2,35,3,23.0,442.21871839965996,4.429746600504942,-82.90940065588204,1.0,10.57449805420791
1,124,0,76,2,23.0,578.3131691119968,9.750060311891222,-81.96691466178736,1.0,22.85478487467473
1,124,1,7,1,23.0,458.3653622789692,13.681681365259557,-78.03529360841904,1.0,23.535540359528625
1,124,2,47,3,23.0,185.81793309898902,18.522455416447183,-73.1945195572314,1.0,19.351048976306895
1,125,0,39,2,23.0,164.47302076772488,17.90155984764116,-73.81541512603744,1.0,21.338269770045223
1,125,1,31,3,23.0,295.04991962140474,11.349820185629397,-73.46168326014599,1.0,10.716373735999065
1,125,2,29,3,23.0,510.12277773279624,4.018870044433578,-80.18980261202645,1.0,7.684741282690295
1,126,0,54,2,23.0,330.58907838849893,14.989246903797294,-76.7277280698813,1.0,23.378911257157775
1,126,1,69,1,23.0,419.57636405862723,8.95169141056693,-82.76528356311167,1.0,23.100382768460076
1,126,2,42,3,23.0,544.4268303933274,11.497738704762044,-80.21923626891655,1.0,19.489883665234334
1,127,0,74,2,23.0,531.3694859268512,8.288897302168172,-83.42807767151042,1.0,22.15676165848442
1,127,1,34,3,23.0,642.9119883018095,5.679624799647195,-79.80468027644554,1.0,8.875186763745543
1,127,2,67,3,23.0,455.01349382152915,3.669834018964308,-76.85994279623286,1.0,8.607763659911695
1,128,0,6,2,23.0,168.97482664055383,25.072650417465535,-66.64432455621306,1.0,22.143986802645024
1,128,1,52,1,23.0,93.86470924157238,30.54312933977478,-61.17384563390381,1.0,23.804465769245226
1,128,2,59,3,23.0,215.29326626345087,18.46320668777423,-73.25376828590436,1.0,25.052427277098154
1,129,0,0,2,23.0,585.4243250775039,11.050163373892914,-80.66681159978569,1.0,19.601807972970462
1,129,1,8,1,11.5,134.64326507653317,12.220117086128814,-79.49685788754978,1.0,16.853548427736044
1,129,2,51,3,23.0,513.7672555651678,10.148051554213213,-81.56892341946538,1.0,21.66246766668747
1,130,0,36,2,23.0,561.9943553619757,7.932024243376933,-83.78495073030166,1.0,22.417416223052193
1,130,1,69,3,23.0,431.6562431348066,6.518046771290994,-76.82077191275197,1.0,8.266974936383361
1,130,2,10,3,23.0,227.73038560376537,19.18136690672392,-70.44828896571974,1.0,10.179188514527544
1,131,0,38,2,23.0,378.7027317035388,17.09275802674438,-74.6242169469342,1.0,22.336927748475688
1,131,1,64,1,23.0,610.6953777451905,7.66138256907794,-84.05559240460065,1.0,22.03622313853991
1,131,2,10,3,23.0,230.68906152162194,20.235000564306812,-71.48197440937179,1.0,23.578031224278966
1,132,0,39,2,23.0,182.31732512813537,19.031584646674784,-72.6853903270038,1.0,21.542338812565507
1,132,1,16,3,23.0,642.8877835871502,-0.6274723526644156,-84.91080773943922,0.0,10.377588620128181
1,132,2,1,3,23.0,446.06834662981447,0.5398492712529624,-83.1987616222882,0.0,8.369421989487158
1,133,0,46,2,23.0,499.2332163165238,13.310942178790926,-78.40603279488766,1.0,21.288326453424837
1,133,1,73,1,23.0,398.2960695157419,14.868028585142145,-76.84894638853643,1.0,24.53012699797969
1,133,2,30,3,23.0,219.25380102392884,18.18404168272701,-73.53293329095158,1.0,20.6358680362889
1,134,0,71,2,23.0,305.6519857785923,16.7143954707076,-75.00257950297099,1.0,19.673047551394497
1,134,1,65,3,23.0,503.27834345237574,5.346328482027419,-82.42141809087352,1.0,10.949229617554499
1,134,2,43,3,23.0,187.92110985881794,1.422332517940799,-71.66047827665909,0.0,9.481012875994882
1,135,0,15,2,23.0,384.62086786647745,13.557367964026572,-78.159607009652,1.0,20.987547079374
1,135,1,29,1,23.0,434.5166042464356,15.352398365635349,-76.36457660804324,1.0,24.54164650874849
1,135,2,55,3,23.0,327.43327125385275,9.160387209396122,-82.55658776428247,1.0,22.499376871172394
1,136,0,79,2,23.0,523.8182116052726,7.846218740107648,-83.87075623357093,1.0,21.33844993371613
1,136,1,33,3,23.0,253.35755981504502,5.392451258947063,-74.51295557634026,1.0,8.631471426074441
1,136,2,60,3,23.0,190.65382982519918,4.840901415708298,-70.07922990354845,1.0,8.14447704162645
1,137,0,49,2,23.0,333.7796351250715,14.197918760334087,-77.5190562133445,1.0,22.073303282737434
1,137,1,4,1,23.0,345.8537040998549,16.887303082593675,-74.82967189108491,1.0,23.138259547195098
1,137,2,37,3,23.0,593.8504953541619,5.437696808930931,-86.27927816474767,1.0,20.55091210447815
1,138,0,78,2,23.0,638.3591216156045,9.452732631260554,-82.26424234241804,1.0,23.774151230342014
1,138,1,72,3,23.0,250.2399510853336,2.293618307415986,-79.64981191766665,0.0,8.890779337531637
1,138,2,34,3,23.0,520.9105260912256,2.8990544649300896,-82.05825574624328,0.0,8.139393239975039
1,139,0,29,2,23.0,387.30824450207245,9.074928818021814,-82.64204615565677,1.0,19.78402348749602
1,139,1,66,1,23.0,226.35532945270424,23.91677877598978,-67.8001961976888,1.0,24.433517643312573
1,139,2,24,3,23.0,518.3648535270898,13.407864933382283,-78.3091100402963,1.0,22.16761519778469
1,140,0,30,2,23.0,266.4588297486157,18.714571013050964,-73.00240396062762,1.0,21.3068964902112
1,140,1,73,3,23.0,422.0856696269843,5.224430655909692,-79.13835987656884,1.0,8.097565820442878
1,140,2,29,3,23.0,458.7588347655373,5.5809231527991425,-79.5627226970761,1.0,9.518558137172512
1,141,0,75,2,23.0,516.7356994248568,8.185735087989094,-83.5312398856895,1.0,22.53391732352096
1,141,1,40,1,23.0,457.0140443434458,8.465900420066525,-83.25107455361206,1.0,20.662120745969915
1,141,2,55,3,23.0,345.3981214487603,8.066863984175507,-83.65011098950308,1.0,24.253539346742187
1,142,0,26,2,23.0,112.23056276230042,28.74697004050251,-62.970004933176085,1.0,21.398288227391998
1,142,1,60,3,23.0,236.40732931949023,5.7536255955355315,-73.85516229995646,1.0,8.999010980849356
1,142,2,50,3,23.0,201.79048298008593,1.8780307519244195,-78.83722148328783,0.0,8.969700100182482
1,143,0,17,2,23.0,450.4504477078021,12.266608436127914,-79.45036653755068,1.0,22.80254648875905
1,143,1,6,1,23.0,236.80354729973834,16.846579447088402,-74.87039552659019,1.0,24.28210776225721
1,143,2,47,3,23.0,255.93179351985913,16.634472490372364,-75.08250248330623,1.0,19.010154602760323
1,144,0,1,2,23.0,373.6070366696139,10.403448199876852,-81.31352677380173,1.0,21.088032713521688
1,144,1,44,3,23.0,269.0811796421575,6.278931341007899,-75.71036095914273,1.0,7.933362605359582
1,144,2,47,3,23.0,259.7137446887342,1.62448107249082,-73.07731449684366,0.0,7.394814630137068
1,145,0,66,2,23.0,257.7693361873588,21.603496093190554,-70.11347888048803,1.0,20.73643942127576
1,145,1,22,1,23.0,266.8971874360827,15.185334526468532,-76.53164044721007,1.0,21.633415530452602
1,145,2,25,3,23.0,449.5315480934926,5.521917918013602,-86.19505705566498,1.0,21.44450418484318
1,146,0,72,2,23.0,303.07005474962847,21.00346601616335,-70.71350895751523,1.0,21.78503380531352
1,146,1,5,3,23.0,398.9459054036203,7.29759947653317,-80.70840075929783,1.0,7.7937485055782165
1,146,2,71,3,23.0,376.41391384755224,0.8276448298800481,-79.53880527222063,0.0,8.134134998383622
1,147,0,19,2,23.0,484.7660534827759,11.517497342038705,-80.1994776316399,1.0,23.598921153119743
1,147,1,32,1,23.0,547.8588135811019,8.189995277270995,-83.5269796964076,1.0,20.149820920223267
1,147,2,42,3,23.0,541.9073180017502,4.564059497924723,-87.15291547575387,1.0,21.617021156669715
1,148,0,25,2,23.0,435.278129477701,14.315545455963035,-77.40142951771554,1.0,21.048208920191836
1,148,1,9,3,23.0,323.22059730324304,7.778175162366031,-72.28513526370409,1.0,8.411720544498554
1,148,2,3,3,23.0,453.11111545056184,4.318495476503804,-76.6226931603072,1.0,7.959010595396046
1,149,0,21,2,23.0,381.0069474647163,12.491968706709539,-79.22500626696905,1.0,20.657497685353654
1,149,1,22,1,23.0,281.20173688622555,16.366367133610012,-75.35060784006858,1.0,21.66001957793213
1,149,2,28,3,23.0,311.7530560007418,12.861448080752735,-78.85552689292587,1.0,21.51185060470881
1,150,0,21,2,23.0,377.34484417216913,17.076486618557844,-74.64048835512075,1.0,23.829564936287383
1,150,1,10,3,23.0,291.6631963360822,16.641574263123008,-73.92921926670218,1.0,7.978071246298137
1,150,2,71,3,23.0,367.71291778107025,5.523016616385153,-79.87258552652023,1.0,7.97083988526119
1,151,0,74,2,23.0,584.2441231685439,10.22126279073058,-81.49571218294801,1.0,22.868705416795137
1,151,1,71,1,23.0,367.71291778107025,15.488246437595647,-76.22872853608294,1.0,22.46722317977326
1,151,2,65,3,23.0,566.4815704654304,13.322512244519968,-78.39446272915863,1.0,23.08067550929298
1,152,0,56,2,23.0,457.3457118605647,14.642134746707736,-77.07484022697086,1.0,21.497594862907285
1,152,1,1,3,23.0,378.0860321001117,1.2286295970997725,-76.1798352004935,0.0,8.331223584669178
1,152,2,7,3,23.0,509.3533321736147,6.517742932479066,-82.90400163321637,1.0,8.047849348189544
1,153,0,22,2,23.0,284.8060636107746,19.60440691410519,-72.1125680595734,1.0,21.769386349626828
1,153,1,13,1,23.0,278.03700529169646,16.771643288184066,-74.94533168549452,1.0,22.978545828148295
1,153,2,0,3,23.0,543.2358980449314,6.839750929444833,-84.87722404423377,1.0,20.950608828793733
1,154,0,47,2,23.0,282.53160293313107,11.643139796205544,-80.07383517747306,1.0,22.148370493790544
1,154,1,69,3,23.0,495.39988599135023,7.448387489102788,-77.95119976327587,1.0,8.301403366506106
1,154,2,32,3,23.0,536.6918578314184,5.368049005530292,-78.85108762312956,1.0,11.187264335401203
1,155,0,34,2,23.0,557.1697466019018,5.836088660007403,-85.8808863136712,1.0,20.881762008883708
1,155,1,69,1,23.0,495.39988599135023,12.28624562871225,-79.43072934496634,1.0,19.664837245838505
1,155,2,38,3,23.0,435.757797729303,11.137979950718098,-80.5789950229605,1.0,23.536751493115027
1,156,0,17,2,23.0,458.08359383776866,8.496423645172055,-83.22055132850653,1.0,22.01804044303358
1,156,1,63,3,23.0,292.64886306682445,3.0852136142923765,-73.49770408231686,1.0,8.05610858009307
1,156,2,27,3,23.0,580.0208188289296,9.568065320191545,-81.54584335044174,1.0,8.364136253587226
1,157,0,52,2,23.0,158.41750177273838,18.556303646290253,-73.16067132738834,1.0,20.665632196105044
1,157,1,0,1,23.0,543.2358980449314,11.357143355741822,-80.35983161793678,1.0,20.107261932677677
1,157,2,61,3,23.0,181.2186947220914,20.55562537701684,-71.16134959666175,1.0,20.68860532796515
1,158,0,32,2,23.0,536.6918578314184,14.182098572859692,-77.53487640081889,1.0,20.83314610386718
1,158,1,58,3,23.0,299.0910821930091,1.8538552959874575,-78.47869584215785,0.0,8.186800773379117
1,158,2,16,3,23.0,595.720500680638,0.6298702203223159,-81.40191229423714,0.0,8.580407245970635
1,159,0,25,2,23.0,434.01306528953467,12.618390869210131,-79.09858410446846,1.0,20.73495207559572
1,159,1,28,1,23.0,308.63743431794524,21.18427939098044,-70.53269558269815,1.0,22.038104925485413
1,159,2,75,3,23.0,552.1931650165359,11.199433597351812,-80.51754137632678,1.0,23.96359025807208
2,0,0,6,0,23.0,426.9139147696867,10.714812314571645,-75.97950537365392,1.0,12.257608354307633
2,0,1,22,0,23.0,364.28414407474565,8.439865231408643,-78.67756837959476,1.0,11.325441341335827
2,0,2,0,0,0.0,106.76306976581746,2.3702664360110326,-87.80367010127199,0.0,7.223755280472067
2,1,0,34,2,23.0,753.5700663400605,0.23076793663123138,-91.48620703704736,0.0,16.292272987039194
2,1,1,57,1,23.0,343.8987935773812,11.501381935628457,-80.21559303805013,1.0,16.99420879779781
2,1,2,0,0,0.0,104.43051430598827,7.184397191773454,-84.53257778190513,1.0,13.185273002973139
2,2,0,29,0,0.0,291.39067831988405,-7.661883030993807,-99.3788580046724,0.0,1.5801221353769483
2,2,1,77,3,0.0,422.657827080876,-12.307498686806442,-104.02447366048503,0.0,0.8909034181723648
2,2,2,67,1,0.0,258.84846062621085,-10.179437257136026,-101.8964122308146,0.0,0.7909796596801228
2,3,0,71,0,11.5,243.68493683268585,5.5849348125293865,-86.1320401611492,1.0,13.42575713651675
2,3,1,25,1,0.0,258.1381879274001,-3.0569428071052207,-94.48255646824552,0.0,3.6017980430642096
2,3,2,73,1,23.0,765.9089695742583,1.4065259225834774,-90.17680259275708,0.0,8.528737543352316
2,4,0,76,1,23.0,879.8841432887174,1.8792897086100746,-89.83768526506852,0.0,16.455141896145506
2,4,1,28,0,23.0,342.07562488802716,8.895895803696295,-82.8210791699823,1.0,17.480525967609058
2,5,0,29,0,0.0,282.6695176678994,-2.923169768127303,-94.62120384131299,0.0,2.9349226012171514
2,5,1,73,3,11.5,279.7242170697847,-11.092610060133552,-102.80958503381214,0.0,4.283926964152211
2,5,2,47,0,0.0,321.3921296372167,-7.205832302401126,-98.82992739507708,0.0,2.705963253175444
2,6,0,38,1,11.5,354.53913826881774,-11.781079320952522,-103.43109059753084,0.0,3.6586590920210718
2,6,1,46,0,0.0,157.10829869183092,-7.0953233105950755,-98.81229828427368,0.0,0.832993720700818
2,6,2,67,1,0.0,252.46710220596015,-3.2371586030816935,-94.78942516323934,0.0,1.3298794355873427
2,7,0,14,0,0.0,96.71386457081422,2.7823363105151393,-88.75820662717064,0.0,4.979375393330374
2,7,1,30,0,11.5,464.64298875002015,2.048681467385323,-89.56961857942395,0.0,9.071389354171052
2,7,2,49,1,23.0,861.6062878179023,4.34342948840427,-87.37354548527432,1.0,9.890678846915465
2,8,0,70,0,23.0,287.0460251445944,13.828002585468749,-77.88897238820985,1.0,10.665309697090004
2,8,1,19,2,0.0,127.23992255920484,3.6456609991302527,-88.07131397454833,1.0,5.687138631664165
2,8,2,76,1,0.0,191.56548506175156,0.7425861109945832,-90.97438886268401,0.0,3.271988825383662
2,9,0,9,3,23.0,501.9875233437006,1.9832374385082079,-89.73373753517038,0.0,18.3057697886009
2,9,1,57,2,23.0,334.26664858253025,3.150564337051941,-88.56641063662664,1.0,17.526369477804575
2,9,2,76,0,0.0,190.51219329574153,-0.02418529766514147,-91.74116027134373,0.0,4.969918763666884
2,10,0,5,0,11.5,446.0456628952385,-1.8398697699478714,-92.95161347101683,0.0,4.777920628463066
2,10,1,56,3,0.0,135.7866984263555,-2.2141312371660558,-93.93110621084463,0.0,3.2345989530373513
2,10,2,15,0,11.5,560.5253740243357,-0.20072185998883407,-91.58783716085891,0.0,4.259163066191328
2,11,0,14,0,0.0,89.10207139143245,3.516358863486282,-88.2006161101923,1.0,8.485890354672303
2,11,1,56,1,11.5,132.57587903918912,14.068587565902764,-77.64838740777583,1.0,13.127676025842263
2,11,2,5,2,23.0,952.9827569342543,3.538899886307446,-88.17807508737116,1.0,9.918727114683316
2,12,0,37,2,11.5,148.29346094141954,14.138968793121013,-77.57800618055757,1.0,6.518965745374573
2,12,1,48,0,0.0,350.586137983309,-9.9621798636683,-101.67915483734689,0.0,2.679537648097907
2,12,2,78,3,11.5,290.12389458375975,3.3618497789634705,-88.35512519471513,1.0,4.23932560738404
2,13,0,64,1,0.0,192.01300306815082,-0.7225497092354204,-88.04985085797135,0.0,4.0978565862010425
2,13,1,5,1,23.0,553.7880488303318,-2.5001085158073932,-94.06497627392213,0.0,18.047729667223987
2,13,2,55,0,23.0,333.6062627388037,16.01320934660101,-75.70376562707759,1.0,15.196118926796654
2,14,0,33,3,23.0,678.7097112149805,9.108020957136723,-82.60895401654187,1.0,11.701429107017997
2,14,1,48,0,0.0,345.08156283822785,-10.440146398146961,-102.15712137182555,0.0,3.940497676179697
2,14,2,47,1,11.5,286.79647349004244,2.3856489886785157,-89.33132598500008,0.0,8.821565177291502
2,15,0,79,3,0.0,490.32621786517814,-14.911087910243408,-106.62806288392198,0.0,4.067942800173337
2,15,1,53,2,11.5,413.9052494573763,-2.1992737834198657,-93.91624875709846,0.0,4.895169138142868
2,15,2,10,1,0.0,330.6432397633931,-14.219745856562614,-105.9367208302412,0.0,0.9503481144592262
2,16,0,16,1,0.0,129.46067271333666,3.285464556053989,-88.43151041762461,1.0,3.91839510287739
2,16,1,7,3,0.0,486.5096915616269,-12.156796317731251,-103.87377129140984,0.0,2.535729315214461
2,16,2,72,0,11.5,738.8649168318724,-3.656659919602542,-95.37363489328114,0.0,3.8361736270518216
2,17,0,64,3,0.0,193.47705562533773,-0.4210223023712405,-92.11787547986083,0.0,3.870601543153798
2,17,1,19,3,0.0,102.80694652865108,3.655048805190587,-88.05064710711859,1.0,2.626587081223919
2,17,2,76,1,11.5,185.00643668162627,8.594498749903845,-83.12247622377475,1.0,3.2980214774020737
2,18,0,49,2,11.5,184.78509950457735,11.323302609459496,-80.3936723642191,1.0,12.62018688176562
2,18,1,19,3,0.0,100.52234945113051,3.061557237169076,-88.65541773650952,1.0,11.68224230579868
2,18,2,41,1,23.0,1007.4611703530956,6.174826219300792,-85.54214875437779,1.0,10.372259802531625
2,19,0,74,1,0.0,481.3896277789173,-13.114873110497927,-104.83184808417653,0.0,3.0015230402060356
2,19,1,62,0,11.5,335.9578898733139,0.7571435914153878,-90.9435809789283,0.0,5.562878225849132
2,19,2,67,0,0.0,238.0572454502294,-8.58702332404722,-99.80625000066513,0.0,0.9111050094669008
2,20,0,64,3,0.0,195.4294101027281,-0.45724729708910034,-92.17422227076769,0.0,3.6565329894104166
2,20,1,19,0,0.0,96.28962409541201,0.3870891332563928,-91.32988584042221,0.0,2.9281766406968828
2,20,2,6,1,11.5,721.3582681355712,-3.891755253857909,-95.60873022753651,0.0,3.5656494876780247
2,21,0,71,0,0.0,177.52664199608284,-4.978628668024063,-96.63076290383721,0.0,4.79140924312365
2,21,1,33,0,11.5,262.79188876312423,1.9052942728107252,-89.75075131061564,0.0,7.45445278377915
2,21,2,78,1,11.5,288.7745176040296,4.449722413519136,-87.26725256015945,1.0,5.23615361303026
2,22,0,6,0,11.5,344.2757437607962,5.232799160509048,-84.94210348096561,1.0,14.091531892650957
2,22,1,22,0,11.5,282.9852161160224,2.391153900965395,-88.24656122197874,0.0,11.966674366568862
2,22,2,78,3,23.0,288.90124148149687,2.392864248198351,-89.32411072548024,0.0,12.881438147460734
2,23,0,37,2,0.0,156.10220661701086,-4.892978774673428,-96.60995374835201,0.0,4.255171231581323
2,23,1,14,1,23.0,886.3608876989244,4.530745476812076,-87.13667351880054,1.0,13.460244252989167
2,24,0,74,2,23.0,475.22560867700724,6.535609515915526,-85.18136545776306,1.0,17.916794874120928
2,24,1,52,1,11.5,376.14954910993725,3.6383546206387862,-88.07862035303981,1.0,14.976914966167378
2,24,2,34,0,23.0,360.2963335958759,12.295682835747655,-79.42129213793093,1.0,15.39230274401702
2,25,0,4,0,23.0,209.7669464471638,20.750866617994422,-70.96610835568416,1.0,13.127867554202545
2,25,1,19,3,0.0,88.02876877241397,1.1590811208987364,-90.47648678020154,0.0,5.002307756867614
2,25,2,2,3,11.5,802.2170316762608,-2.7713531190652745,-93.21691136825024,0.0,9.128854890569253
2,26,0,54,1,11.5,590.0431249562918,-3.3277320921853537,-94.40060662413956,0.0,7.005018671519711
2,26,1,51,1,0.0,87.66609970843412,3.855013126168676,-87.47191245730959,1.0,4.296666468654338
2,26,2,53,1,11.5,621.7200834130147,-3.1110846281211675,-93.54436147028402,0.0,3.8315123767382273
2,27,0,9,2,23.0,445.040776389927,11.997000520547376,-79.71997445313121,1.0,22.003679944653648
2,27,1,5,1,23.0,514.2921616081882,0.07680939286061639,-83.11515192268934,0.0,14.321237213072358
2,27,2,11,1,23.0,303.43921828258664,1.0991372270967628,-82.39749137289002,0.0,13.972387401668517
2,28,0,14,2,0.0,87.40715709733371,-0.5035099621129129,-92.2204849357915,0.0,2.736336810664532
2,28,1,77,3,11.5,360.5002113734941,5.1190271078904,-86.34719739261955,1.0,5.638772006169187
2,28,2,0,3,0.0,98.49351315090979,-0.3192079367885592,-91.8379432677691,0.0,2.1274501763912057
2,29,0,71,1,23.0,149.86172081202403,23.03466445106304,-64.43245859034847,1.0,11.877192881410236
2,29,1,19,1,23.0,84.30279989483283,13.389598448561033,-77.07505171303112,1.0,13.739323766981016
2,29,2,0,2,11.5,100.52040283047444,8.739630483834922,-82.97734448984366,1.0,13.909896787784001
2,30,0,20,1,11.5,490.6277280981842,-12.140952425167573,-103.85792739884616,0.0,4.2833894130590995
2,30,1,2,0,0.0,140.4987992369371,-3.3881664234046567,-95.10514139708323,0.0,2.107728328573011
2,30,2,43,2,0.0,356.13027305802393,-8.18080484554822,-99.8977798192268,0.0,1.8219454101134367
2,31,0,37,1,0.0,168.9040811282127,-7.009023562076564,-98.4154175189806,0.0,1.2998089135103625
2,31,1,79,1,23.0,577.208254849637,7.269794754056696,-84.35967046675867,1.0,19.195850199990733
2,31,2,75,0,23.0,910.3456459059653,1.9097764916534499,-89.80719848202513,0.0,14.720129533307976
2,32,0,14,2,0.0,94.4119623663236,7.247967576946754,-84.46900739673184,1.0,3.362659227639304
2,32,1,31,0,11.5,221.48333756869033,4.833863769389554,-86.87240705088284,1.0,6.700745162026832
2,32,2,0,0,0.0,107.26830446305236,-3.2208245958479527,-94.59899166522787,0.0,1.4823456965997113
2,33,0,4,2,23.0,180.6281558219287,17.88837103244782,-73.63450915262163,1.0,18.940092380030322
2,33,1,52,1,23.0,341.0670637563019,15.510856863572467,-76.20611811010612,1.0,21.1646502203048
2,33,2,0,2,0.0,109.71722013781849,0.4624654967588261,-87.6631600222326,0.0,3.0372788777020157
2,34,0,75,1,0.0,122.4784087259361,6.56062219507014,-85.15635277860845,1.0,12.325884080123725
2,34,1,30,0,23.0,367.3479719689651,12.037609553657283,-79.6793654200213,1.0,14.783483939115214
2,34,2,43,2,11.5,341.91956027923254,4.490473838405748,-87.22650113527283,1.0,10.572547058169869
2,35,0,34,3,23.0,668.2555596807935,-7.4965456429063915,-99.21352061658499,0.0,15.434694607498248
2,35,1,7,1,11.5,452.7221044837707,4.942472093782042,-86.77450287989656,1.0,16.706913993914732
2,35,2,10,0,11.5,262.54760248566936,5.295845716741978,-86.42112925693661,1.0,12.3763423601892
2,36,0,14,2,0.0,103.43706378219673,-0.23151540362046275,-86.51386329371473,0.0,4.800268963924757
2,36,1,19,1,11.5,84.94282466765601,15.363825828204794,-76.3531491454738,1.0,11.451214406131022
2,36,2,13,2,23.0,299.359470816348,5.92216853748782,-85.7727989163113,1.0,11.741320186044465
2,37,0,37,2,23.0,181.64004488290928,16.357299236832045,-75.35967573684655,1.0,23.817651309477093
2,37,1,8,0,23.0,277.93713331554454,5.987072221904008,-80.4734424248891,1.0,14.48254345378767
2,37,2,39,0,23.0,657.9050913266983,2.322819033511282,-82.91060258575126,0.0,11.261847555155981
2,38,0,37,1,11.5,183.98149939314152,3.3851978646092693,-86.03254998569511,1.0,11.918079727998895
2,38,1,72,0,23.0,183.34867310910715,10.407476883144334,-81.30949809053426,1.0,18.561201462194116
2,38,2,23,1,11.5,484.92147951285847,-2.4895624606346893,-91.61636634464915,0.0,6.8360768663925855
2,39,0,14,0,11.5,111.24042344579075,15.389475249290918,-76.32749972438766,1.0,12.75931752981615
2,39,1,2,1,0.0,117.56037796463116,5.987836929820245,-85.72913804385834,1.0,13.905790593660964
2,39,2,17,2,23.0,371.3549958114119,15.91596748623112,-75.80100748744746,1.0,11.375233891682953
2,40,0,31,1,11.5,605.9835655480454,-8.856663816021843,-100.10506375602085,0.0,5.585229061058348
2,40,1,48,1,0.0,284.5130370537702,-11.202083953764294,-102.72134313316062,0.0,2.9990262478444563
2,40,2,0,1,0.0,129.04853025709912,-4.632900358668705,-95.01644792817908,0.0,0.9634826687990804
2,41,0,7,2,23.0,514.614772092952,0.4896395710146175,-88.22887686829118,0.0,12.192588054957824
2,41,1,51,2,0.0,84.62435999314368,-3.116915271458369,-91.68961520936968,0.0,7.566765234990256
2,41,2,60,2,23.0,278.60214537789085,11.98160144576316,-72.20655652719216,1.0,10.126694824663298
2,42,0,52,1,11.5,525.6095443095793,0.6394662752267635,-90.80060442090549,0.0,7.468743426871684
2,42,1,59,1,11.5,390.2479996110952,1.1304762804171948,-89.7128066402976,0.0,8.506613399515265
2,42,2,78,3,0.0,302.73426230235884,-4.581177046504412,-96.298152020183,0.0,2.2554733570790537
2,43,0,37,2,23.0,196.49331588724522,5.590959461307261,-81.88002345914649,1.0,11.772421054205925
2,43,2,45,2,23.0,528.0542564406509,2.3822135077908593,-85.21063149882809,0.0,7.4631749935235785
2,44,0,17,1,11.5,522.2348819760314,-8.979176981518384,-100.69615195519697,0.0,6.795442971915897
2,44,1,65,2,0.0,160.03131994579837,-0.9632990891758103,-92.6802740628544,0.0,4.426238712786856
2,44,2,45,0,11.5,527.0073413134128,-4.267060514105801,-95.98403548778438,0.0,4.748287222667844
2,45,0,55,3,23.0,770.2523142306155,-2.0876510621139097,-93.8046260357925,0.0,14.74707237509097
2,45,1,73,0,0.0,216.9073547518024,-6.178212681624112,-97.89518765530269,0.0,6.04669712012458
2,45,2,18,2,11.5,281.3296582593602,-3.157284624734606,-94.87425959841319,0.0,8.067183512381837
2,46,1,9,3,23.0,379.34544756907076,2.288225147722664,-89.38232779457786,0.0,20.79883418938016
2,46,2,49,1,23.0,717.7606137856353,4.186610979755823,-87.53036399392278,1.0,16.12294551393864
2,47,0,7,3,11.5,504.62243455361516,-5.351817659814895,-97.06879263349349,0.0,6.705806406359145
2,47,1,19,1,11.5,102.73024283750709,7.288821236724397,-84.42815373695419,1.0,9.027306162320343
2,47,2,0,0,0.0,151.1197469831932,4.837648679674404,-86.87932629400419,1.0,2.9342699979046096
2,48,0,38,2,23.0,275.45447427599646,16.263254851542953,-75.45372012213564,1.0,21.830213954854255
2,48,1,46,1,23.0,99.50483393019361,16.361377563304917,-75.35559741037368,1.0,20.39500014479877
2,49,0,44,1,23.0,636.2192103751543,5.553049066841513,-86.16392590683708,1.0,14.016420142566819
2,49,1,2,0,0.0,101.40637773408986,2.74206103806288,-88.97491393561572,0.0,7.879261118641578
2,49,2,0,3,11.5,157.77178592210063,4.368244058272754,-87.34873091540584,1.0,9.089556374460377
2,50,0,39,1,11.5,243.20543515334384,7.16156063224827,-84.5554143414303,1.0,8.532272158253766
2,50,1,62,2,11.5,226.438203618168,8.975586306417139,-82.59201926339819,1.0,9.523751841946158
2,50,2,11,2,0.0,219.35241911824718,-2.2194489322603848,-93.3214043861723,0.0,3.0830461172855705
2,51,0,79,0,23.0,448.9602466419781,8.408653939690229,-83.30832103398835,1.0,18.064726960906437
2,51,1,65,2,11.5,184.45160690530767,12.840861964115035,-78.87611300956354,1.0,19.86271790242664
2,51,2,3,3,23.0,356.14703874866785,7.088343851828345,-84.62863112185025,1.0,16.084974409938507
2,52,0,37,3,0.0,221.7981043952222,-9.640128734024561,-101.35116150975853,0.0,5.395207649799249
2,52,1,72,1,23.0,135.69523771022705,17.272172940967543,-74.44480203271105,1.0,15.240121697374345
2,53,0,16,2,23.0,229.5612010397167,19.287338620733088,-72.3967788765911,1.0,18.580993674242222
2,53,1,22,2,0.0,179.49657609800093,1.0783253084093032,-85.55130826972616,0.0,6.261982311363503
2,53,2,78,1,23.0,318.7558501501819,5.27464410148626,-86.44233087219233,1.0,17.329027756897347
2,54,0,38,2,11.5,270.86088644092064,9.387627575932186,-82.3293473977464,1.0,10.876816695135814
2,54,1,20,3,11.5,286.37284942674916,1.54128881162373,-90.17568616205486,0.0,10.846085233255753
2,54,2,18,0,11.5,248.5994026938791,5.26394853139082,-86.45302644228777,1.0,8.33317505372998
2,55,0,41,1,11.5,484.2523494819943,-0.41626341587438165,-92.128998429377,0.0,5.616468556726193
2,55,1,56,1,0.0,106.50426271420353,1.5945781231179748,-88.60225174015312,0.0,2.5517908337739317
2,55,2,11,2,0.0,201.9875964428019,-0.11776328943987772,-91.83473826311847,0.0,1.8729894294939844
2,56,1,58,2,23.0,289.6106907707356,15.073811443433943,-76.64316353024464,1.0,22.897443773425444
2,56,2,0,3,23.0,181.91094304575543,21.581979043678636,-70.13499592999995,1.0,19.538738584356743
2,57,0,64,3,23.0,266.9028814296567,14.695205231868165,-76.57430395097451,1.0,14.770140331355467
2,57,1,57,2,11.5,339.9250875388692,8.316459452269624,-83.40051552140898,1.0,16.604117127837114
2,57,2,15,3,11.5,418.0290052044544,-1.188610453435753,-87.7245366776573,0.0,10.390920659651377
2,58,0,4,2,11.5,101.37875563427922,1.550815456234727,-79.76043855403643,0.0,15.766297398340322
2,58,1,32,2,23.0,889.0748659018744,1.8545620724721743,-87.77487763668019,0.0,20.372722946989217
2,58,2,3,0,23.0,349.890586277494,10.274235174235782,-81.4427397994428,1.0,18.629166634434583
2,59,0,70,1,11.5,145.83532743192404,6.904099063653608,-81.20916533730416,1.0,13.2511596443442
2,59,1,19,3,23.0,136.42285955446206,18.415180417709706,-73.30179455596888,1.0,21.824360636842272
2,59,2,47,1,23.0,126.20934305438774,8.102570321605855,-80.18961496930665,1.0,13.047063027825697
2,60,0,4,2,11.5,96.7147445192346,16.22707883875,-75.48989613492859,1.0,20.084327078507926
2,60,1,54,3,23.0,194.73438114534073,18.182982347796433,-73.53399262588215,1.0,22.392675395663442
2,60,2,45,1,23.0,514.2137480158656,11.885160279583086,-79.8318146940955,1.0,20.125884088698754
2,61,0,68,1,23.0,319.6370947427062,10.195534292190057,-74.61905073000955,1.0,10.908161556069885
2,61,2,52,1,23.0,442.55207843823104,11.992530898079288,-79.2818912053957,1.0,10.330634988447544
2,62,0,57,0,23.0,903.1471657445067,7.893221750548655,-83.82375322312994,1.0,17.354734186390935
2,62,1,28,3,11.5,163.42545400743148,13.24613964738334,-78.47083532629524,1.0,16.864025995869717
2,62,2,13,2,11.5,224.05401815062075,8.037620953190968,-83.67935402048761,1.0,11.733394497844156
2,63,0,74,1,23.0,455.30422942800607,9.822694541324353,-81.89428043235424,1.0,25.558006515454913
2,63,1,8,3,23.0,181.89325389006845,3.3062162579658683,-80.5185312985192,1.0,14.548384979001817
2,63,2,36,3,23.0,500.24086146746197,0.36029127345497575,-81.75065651724324,0.0,17.67387104028328
2,64,0,55,2,23.0,696.4531081053419,7.788850549193348,-83.92812442448523,1.0,22.276103251213673
2,64,1,66,3,23.0,338.30067273838097,14.97616202766244,-76.74081294601615,1.0,22.996186801844317
2,64,2,50,0,11.5,158.65515319894357,13.843870861498038,-77.87310411218056,1.0,20.768145988538116
2,65,1,41,3,23.0,396.2122238580527,14.556732396673224,-77.16024257700536,1.0,23.732733374049886
2,65,2,60,0,23.0,199.82237433067203,12.588707067644924,-78.66773548179013,1.0,17.9223512245215
2,66,0,4,2,0.0,85.73220484636194,2.292007342423467,-82.88444315411854,0.0,6.361632336801036
2,66,1,20,2,23.0,256.5854624350808,4.503969485198508,-87.1200119903774,1.0,16.604417124067144
2,67,0,67,2,23.0,827.1518025526095,-5.271550220423739,-96.54647291599287,0.0,13.423228932341226
2,67,1,46,3,0.0,147.5066259742584,-1.259273727514352,-92.97624870119294,0.0,5.3347493878946635
2,67,2,29,2,11.5,721.3848884304871,-5.917673770173145,-96.48863143852373,0.0,7.233050843471432
2,68,0,29,0,0.0,203.20964830218819,1.651344249164022,-90.06563072451456,0.0,11.047916481419152
2,68,1,51,2,23.0,156.08321300939858,19.521827536657803,-72.19514743702078,1.0,17.2746122415842
2,68,2,23,3,0.0,402.3861703832719,-4.1092694222468005,-95.82624439592539,0.0,2.3561348343678965
2,69,0,70,3,11.5,137.99334317879214,10.329034111339293,-81.21905086574128,1.0,10.308316352234852
2,69,1,9,2,11.5,325.48359605518345,6.629979700983179,-85.08699527269542,1.0,10.308306006180116
2,69,2,8,3,11.5,436.81920076294426,1.9834907640457533,-89.0672566166279,0.0,8.751891885027383
2,70,0,64,3,11.5,305.3643326595372,1.702556679941898,-90.0144182937367,0.0,12.30454414313703
2,70,1,29,1,23.0,551.9060523983335,6.590449846223276,-84.22847138041158,1.0,18.862164827466273
2,70,2,11,1,11.5,153.78395608085796,3.1932732645911974,-80.37224995754896,1.0,8.37237176552537
2,71,0,1,3,23.0,436.91088531165326,2.542056907708308,-87.03606047725813,0.0,10.96709905756617
2,71,1,56,1,11.5,156.3219041338581,10.965277752201674,-80.75169722147692,1.0,19.48338136081681
2,71,2,66,3,23.0,267.7343470265761,8.413834524965559,-81.83277881905512,1.0,12.816622518583728
2,72,0,75,2,11.5,250.0990838780829,2.312826670969867,-89.40414830270873,0.0,11.697071876764756
2,72,1,22,1,11.5,134.47856565997213,12.295551699459605,-79.42142327421898,1.0,16.19321649474213
2,72,2,2,3,23.0,633.0873571585853,11.92647018113573,-79.79050479254285,1.0,17.900656680118985
2,73,0,64,1,11.5,314.7930414419206,1.0440541081916852,-90.6729208654869,0.0,10.895698861244284
2,73,1,22,2,11.5,132.8930459565062,10.793053568108277,-80.09067258333006,1.0,9.524505108025766
2,73,2,23,2,11.5,390.52391508439644,2.934168377549379,-88.48640888451348,0.0,9.741887727904633
2,74,0,70,1,11.5,138.3086142613742,15.550990453336443,-76.16598452034214,1.0,16.71596189043321
2,74,1,72,2,11.5,84.81699663785211,12.489120336703671,-79.22785463697493,1.0,14.715150194144291
2,74,2,44,3,23.0,474.1669356820894,9.59642369675716,-82.12055127692142,1.0,17.162845326618427
2,75,0,63,3,11.5,130.80912003718709,7.529517327007169,-84.18745764667142,1.0,16.25060771877515
2,75,1,30,2,23.0,237.97189562384617,7.265789831301066,-84.13010588015942,1.0,16.48098897668961
2,75,2,0,2,11.5,251.4990993925266,3.478521322473985,-85.28240462663592,1.0,10.224671495603706
2,76,0,71,1,11.5,102.99340998075134,5.539246272627433,-86.17772870105115,1.0,14.185817783855107
2,76,1,57,2,11.5,370.71163853934615,0.8157428133528073,-90.90123216032579,0.0,15.633710979837678
2,76,2,48,3,23.0,678.7318269852805,6.650247285123919,-85.06672768855466,1.0,17.787930194660937
2,77,0,26,0,23.0,285.4297573681732,13.251827492901501,-78.46514748077709,1.0,20.25448506024702
2,77,1,54,3,23.0,172.37102740799102,16.82180643035702,-74.89516854332157,1.0,23.603543573574026
2,78,0,39,3,23.0,161.58531373178184,15.457588664834978,-70.30273408020759,1.0,12.18583872617515
2,78,1,54,3,23.0,171.80467712840036,12.409621181113895,-68.42245339910868,1.0,12.804824310301417
2,79,0,6,0,11.5,159.54911840659565,12.284219528067947,-78.78039493708397,1.0,7.168060903195284
2,79,1,0,2,11.5,737.0999855457981,-7.622514279179456,-99.33948925285804,0.0,11.727492635652471
2,79,2,74,0,11.5,553.0063823506604,-6.745371463259199,-98.454907383853,0.0,8.368916140064995
2,80,0,4,1,11.5,84.58509881817234,19.66089253293401,-72.05608244074458,1.0,13.473631341034283
2,80,1,25,2,11.5,210.14212763277445,8.0549365768821,-83.66203839679649,1.0,11.113308683262625
2,80,2,66,3,11.5,244.8278716392842,-3.501678956310741,-95.21865392998933,0.0,8.610456622534684
2,81,0,64,0,11.5,340.7277716193023,1.084560016191868,-87.01021949662046,0.0,8.18896014478822
2,81,1,30,2,11.5,222.8947083245014,8.214280410694968,-83.50269456298362,1.0,15.307488051883402
2,81,2,66,0,23.0,242.47913695740488,13.873643794468155,-75.5049134411696,1.0,14.893935567097639
2,82,0,71,1,11.5,119.0914042205183,6.937333151743877,-84.77964182193472,1.0,9.663108150992462
2,82,1,72,3,0.0,83.39176634255332,3.6377034493191203,-88.07927152435948,1.0,8.625968149312552
2,82,2,47,2,23.0,83.98905840134483,26.56212445788054,-65.15485051579805,1.0,15.188452351682496
2,83,0,16,2,11.5,337.6351438391594,-2.3651558311790253,-93.65400013572349,0.0,11.610150610523645
2,83,1,31,2,11.5,188.7361957912279,-0.5963597962517755,-89.67587121792462,0.0,12.33890148858896
2,83,2,11,3,23.0,120.87439365528621,20.0899777592559,-71.62699721442269,1.0,16.00303372420182
2,84,0,54,2,23.0,413.0799849717937,11.434395571187142,-78.37915614753582,1.0,13.470923063261548
2,84,1,40,2,11.5,301.69482908671097,0.34424019993139926,-86.53336038546502,0.0,9.83322234157414
2,84,2,18,0,11.5,150.6849396295807,13.344965455307978,-78.37200951837062,1.0,17.645002663583963
2,85,0,23,1,11.5,242.32153545518776,9.269281380571313,-82.44769359310729,1.0,14.143601463603307
2,85,1,28,3,11.5,143.88934554396278,4.844796804077513,-82.03539425942141,1.0,8.786857704907405
2,85,2,57,3,23.0,619.4250064289179,-1.6280399053746488,-90.58607986613981,0.0,12.519724179004026
2,86,1,77,3,23.0,315.15116956603583,17.004358711498643,-74.71261626217995,1.0,23.980827317820893
2,86,2,55,1,23.0,227.19919274491795,11.658483445197213,-79.93532313398644,1.0,17.486294966834567
2,87,0,72,2,11.5,462.5658226914501,3.790365961935885,-87.92660901174271,1.0,10.551793702278815
2,87,1,59,0,11.5,261.79603281620655,0.6007175119790138,-84.202433736769,0.0,9.162481905044096
2,87,2,74,0,11.5,549.322210734609,-7.8181009624913065,-98.98112139815561,0.0,7.422074573127046
2,88,0,5,3,11.5,319.0927180463356,-3.7103622559040765,-95.2359556739878,0.0,8.448720284281235
2,88,1,65,0,11.5,323.31994952033216,2.3805045827580535,-89.33647039092052,0.0,11.009744109062181
2,88,2,47,3,11.5,86.73545645734457,13.848703543654768,-72.55895522691794,1.0,12.063429772904811
2,89,0,19,1,23.0,627.9792963582086,8.297969274501764,-83.41900569917682,1.0,15.991261298045629
2,89,1,60,0,11.5,340.0039902238698,0.7904536603773793,-87.30340283361093,0.0,18.276423807008598
2,90,0,20,1,23.0,321.8404120223336,15.805863893217998,-75.91111108046059,1.0,17.177858040769053
2,90,1,2,0,11.5,170.98765585501496,12.273776816041542,-78.4240343791524,1.0,15.177618992073088
2,90,2,35,0,11.5,433.8604312798631,-0.9552830502595784,-89.56758873434866,0.0,11.06989370912308
2,91,1,70,0,23.0,451.014748205187,11.231023665537851,-80.48595130814073,1.0,21.52377471171877
2,91,2,38,1,23.0,471.3903875602151,9.599414566480792,-81.93692463763911,1.0,23.195905360024096
2,92,0,75,2,11.5,325.7838640072715,0.9064428069825792,-90.810532166696,0.0,10.396746770661109
2,92,1,7,1,11.5,423.16211503712003,-0.1332388002317677,-91.85021377391037,0.0,11.672934997782686
2,92,2,47,0,11.5,92.06315435980265,14.902599120053937,-76.81437585362465,1.0,11.146796572223037
2,93,0,78,3,23.0,798.6413283903345,1.274926286077178,-89.26548232347184,0.0,11.081515145105953
2,93,1,43,3,23.0,293.2602577886165,9.664290111502549,-72.36913675840324,1.0,12.22218187752305
2,93,2,50,0,0.0,90.64271901482117,9.103156067175798,-82.61381890650279,1.0,15.946379395491487
2,94,0,9,3,11.5,297.3906096286056,1.5665214997066217,-90.15045347397196,0.0,10.572194437577652
2,94,1,52,1,11.5,118.76889675238783,12.577029776696293,-79.1399451969823,1.0,10.878940511993383
2,94,2,25,0,11.5,622.5990571807317,-2.6805019466066127,-94.3974769202852,0.0,12.391019908111927
2,95,0,71,3,11.5,160.87528095394381,4.6843824099464495,-87.03259256373214,1.0,16.64955973866042
2,95,1,2,1,0.0,187.69172582661716,-3.666709262117192,-95.38368423579578,0.0,2.5693559250902833
2,95,2,55,0,23.0,236.79198877589292,17.618546360157694,-74.0984286135209,1.0,15.685344944483731
2,96,0,63,0,11.5,134.74449381082593,12.482371401069797,-75.0463084665774,1.0,10.63829545150537
2,96,1,7,3,23.0,425.6210219426362,15.76243943555069,-75.9545355381279,1.0,18.30049169243188
2,96,2,50,0,11.5,89.43209857745354,13.885548694298748,-74.2942994507927,1.0,18.107144525033124
2,97,0,34,0,11.5,566.2147002231413,-4.694598113503249,-95.32386415063358,0.0,7.838908426149851
2,97,1,1,1,11.5,270.21153473514244,8.918462022834841,-82.79851295084376,1.0,11.385119879532578
2,97,2,59,0,11.5,230.6648627850884,2.258431230645264,-88.3571393968039,0.0,8.447596907184428
2,98,0,42,2,0.0,390.7199891282852,-6.054485857297544,-97.77146083097612,0.0,3.4239649227020763
2,98,1,39,1,11.5,319.57365505974883,4.067607160643681,-87.6493678130349,1.0,9.345244632275518
2,98,2,43,3,11.5,166.80651879384243,10.070793296364036,-81.64618167731454,1.0,9.129487243138437
2,99,0,16,2,11.5,398.0783438796346,-2.1869477413812874,-93.90392271505988,0.0,8.339610544946526
2,99,1,57,3,11.5,423.51750710455303,-0.5474863878353029,-92.2644613615139,0.0,10.7835319916255
2,99,2,10,0,0.0,160.27281926185154,3.337574301209623,-88.37940067246896,1.0,7.443515198116961
2,100,0,6,3,0.0,131.81435042833277,2.4455633303587017,-86.57661272409209,0.0,4.301304797531264
2,100,1,51,1,11.5,273.7808774996507,4.879692341805835,-86.83728263187275,1.0,10.281014221701694
2,100,2,55,3,11.5,244.26053425673817,-1.6143790445873605,-93.20602469707865,0.0,7.70161146595698
2,101,0,5,3,11.5,323.35543023731,4.5196317633270695,-86.95629385629414,1.0,8.930006089291505
2,101,1,42,1,11.5,722.4776488607714,-8.064722800679654,-99.78169777435824,0.0,11.372457936095351
2,101,2,74,3,11.5,547.3352242515517,-3.3664596280585406,-94.19855585564945,0.0,8.322806254438271
2,102,0,38,0,11.5,307.83313506301874,3.5691964272542416,-88.14777854642435,1.0,7.472651461928943
2,102,1,25,1,11.5,269.4180967835732,1.966286079953017,-89.75068889372558,0.0,9.831679945883218
2,102,2,0,3,11.5,354.9408919944942,1.6851776573318058,-90.03179731634677,0.0,11.654373231266534
2,103,0,16,3,11.5,413.35648929660977,0.9153909568405421,-90.59855545558614,0.0,8.006611867738526
2,103,1,53,1,11.5,108.01027232693163,16.534718782098835,-75.18225619157975,1.0,11.300162332530478
2,103,2,18,3,11.5,113.31960747549859,11.124666203662903,-72.75545230204298,1.0,9.420893733805707
2,104,0,49,3,11.5,211.1276495442538,-0.6955794635963986,-88.1552602758384,0.0,6.3723852171422575
2,104,1,71,1,11.5,479.0361472711723,-2.984771706818439,-94.70174668049702,0.0,10.713787923499074
2,104,2,50,3,11.5,93.94019858832611,5.812344355780087,-81.2798749909988,1.0,7.76460985947436
2,105,0,13,1,23.0,444.4155522888645,5.030992112472742,-84.15290667150573,1.0,14.87543055252156
2,105,1,73,1,11.5,310.2475542862579,1.9185899132173065,-85.27695365313215,0.0,7.086114498134892
2,105,2,43,3,11.5,161.3467996588477,13.920592735997664,-77.79638223768092,1.0,18.233518139137157
2,106,0,76,2,11.5,609.1244693613489,-3.8708114794403237,-95.58778645311891,0.0,10.678093779595443
2,106,1,22,3,11.5,147.04796509146556,0.9454886461247924,-79.71240385148658,0.0,9.771278842293837
2,106,2,31,3,23.0,531.4480434022258,7.669297147016907,-80.34793794738627,1.0,12.448112991713078
2,107,0,45,0,11.5,520.9978070992311,0.8770499435152422,-90.83992503016334,0.0,9.060355389228324
2,107,1,15,1,11.5,250.77698851630132,1.8027752055244792,-89.9141997681541,0.0,9.983088202279603
2,107,2,77,3,11.5,427.8603671839023,-1.0150033754084444,-92.73197834908703,0.0,10.264048089672874
2,108,0,67,0,11.5,678.6478675395742,-1.8828776408079642,-93.59985261448655,0.0,7.202453671452401
2,108,1,27,3,0.0,432.9939236936422,-11.924577935023642,-103.54144679118843,0.0,4.663187974192453
2,108,2,35,3,11.5,433.48468973382865,4.239065095826911,-87.40603732056024,1.0,6.853385345981053
2,109,0,70,3,11.5,205.27796496359156,6.079700719190412,-84.91276958238143,1.0,5.959173463910714
2,109,1,73,2,0.0,321.91592261585413,-9.182080350871347,-100.89905532454995,0.0,2.45445799693729
2,109,2,54,3,11.5,461.2560206876284,-0.3377703398551567,-90.45880752791247,0.0,5.626922152851982
2,110,0,49,3,11.5,232.66824787612063,9.798711448746038,-81.83189262880515,1.0,11.11131831273034
2,110,1,58,2,23.0,229.17357916734508,19.626758973015093,-72.0902160006635,1.0,19.515485137662814
2,110,2,26,3,11.5,148.28271037123253,0.9711204572735057,-81.53732644573851,0.0,9.467322880777962
2,111,0,29,0,11.5,296.42999296358323,-0.6184544045671113,-92.33542937824569,0.0,7.630264051099957
2,111,1,75,1,11.5,633.7946938742074,-3.973493942176711,-95.69046891585529,0.0,11.262425832001624
2,111,2,17,3,11.5,373.68135083260734,2.384910849160782,-89.33206412451781,0.0,10.109200583628027
2,112,0,9,2,11.5,288.9134710467484,5.098504281176272,-86.61847069250231,1.0,6.8508416446682245
2,112,1,48,1,11.5,297.0570372624634,6.208614544599877,-85.50836042907872,1.0,10.749106611783864
2,112,2,61,3,11.5,234.12772225969766,9.518213095791463,-82.19876187788712,1.0,11.766530145162415
2,113,0,3,3,23.0,437.19978556276266,6.755485069635505,-83.8532186862227,1.0,14.333614658812174
2,113,1,62,1,11.5,144.40390353529799,16.567253542057117,-75.14972143162147,1.0,13.036809703500401
2,113,2,65,3,11.5,657.4747589273736,-4.752971432848696,-96.11226033144972,0.0,7.2116036688964495
2,114,0,16,0,11.5,455.62697520252124,-2.7123659172387966,-94.15760845379319,0.0,6.808464974213084
2,114,1,20,1,11.5,217.30821914952747,-2.5370223085340027,-94.2539972822126,0.0,9.22838115937253
2,114,2,11,0,11.5,121.9850489713958,9.670999844626195,-80.1466046776678,1.0,9.278072324115412
2,115,0,58,2,11.5,291.6367095108806,7.779701330966271,-83.93727364271231,1.0,8.1817040372662
2,115,1,57,1,11.5,467.4683979535859,-9.1158841517745,-100.8328591254531,0.0,11.80631372364764
2,115,2,50,0,11.5,115.34911924773624,0.7629495126650727,-90.95402546101352,0.0,8.336101326218943
2,116,0,19,2,11.5,553.8783526772861,-4.171059105732537,-95.88803407941113,0.0,8.505438511349547
2,116,1,21,1,11.5,288.71350929723076,1.4404057221319468,-90.27656925154665,0.0,10.638119481087568
2,116,2,16,0,11.5,656.8919352820348,-2.1791822184823104,-93.8961571921609,0.0,10.003151639774165
2,117,0,32,2,11.5,445.091457445028,0.7414442572323574,-90.97553071644624,0.0,11.29813966718447
2,117,2,50,3,23.0,120.56568531277946,24.642896685171586,-67.074078288507,1.0,16.567681779658265
2,118,0,16,0,11.5,471.0765966484268,-2.6967288366290036,-94.4137038103076,0.0,8.463902521966782
2,118,1,78,2,11.5,615.5304067333492,-6.991522471689575,-98.70849744536815,0.0,9.589416249993072
2,118,2,11,1,11.5,130.9776944656007,9.654330903473902,-82.06264407020468,1.0,8.310437206328364
2,119,0,25,0,11.5,468.82494901150125,-2.197742416918056,-93.55379753894702,0.0,6.566871323853735
2,119,1,22,1,11.5,180.97542810777122,4.060379178527199,-87.65659579515139,1.0,10.38707227709859
2,119,2,31,0,11.5,485.0008874599837,-3.0198248626555033,-92.94683692295983,0.0,7.006687446235176
2,120,0,23,0,11.5,262.34360853726724,-0.4951238229836078,-92.17353488032181,0.0,6.221062419064154
2,120,1,48,1,11.5,315.1086524461691,8.827747347234947,-82.88922762644364,1.0,10.030931843900822
2,120,2,47,0,11.5,171.6965907563904,9.387959084660581,-80.75797242797678,1.0,6.63858450442768
2,121,0,23,0,11.5,263.9864907424196,1.444215483179093,-85.31759969361062,0.0,7.068475256595983
2,121,1,64,1,11.5,625.1874325156532,-6.644115513037249,-98.36109048671585,0.0,10.358331685741222
2,121,2,32,0,11.5,529.2965398012138,-6.8589494364371975,-98.36500133208978,0.0,6.58076167463864
2,122,0,37,0,11.5,469.0420387184294,1.1117349086792871,-90.60466786405433,0.0,7.1633388367413655
2,122,1,78,1,11.5,611.8449536619661,0.961213350543214,-90.75576162313537,0.0,7.608785243912258
2,122,2,44,0,11.5,339.0328853301898,-1.4174696432322162,-90.14047237306768,0.0,6.826422790479519
2,123,0,39,2,0.0,159.9103127918842,-2.918757235561796,-92.4719585455508,0.0,4.717187395426511
2,123,1,32,2,11.5,638.2838823486911,-6.741644405231205,-98.00731047130111,0.0,7.15581514018513
2,123,2,13,0,11.5,206.4859844831239,8.137031126638048,-83.57994384704054,1.0,7.786041900173735
2,124,0,29,0,11.5,337.0460387319117,8.122209985106005,-82.75609579202799,1.0,5.832371665004892
2,124,1,48,1,11.5,324.9411524816219,8.186352700487214,-83.53062227319137,1.0,10.039715783625306
2,124,2,13,0,11.5,208.57724235778954,7.993848471528696,-83.54312154093847,1.0,6.452741540162211
2,125,0,0,0,11.5,594.467350463643,-11.967544297179543,-103.51690390697718,0.0,6.166644357839435
2,125,1,73,1,11.5,371.82674245630136,2.063806981093269,-89.65316799258532,0.0,11.074376636145077
2,125,2,59,0,11.5,213.7067761032494,0.7676344127113883,-83.664890713576,0.0,6.51971714836784
2,126,0,51,0,11.5,524.2513779297186,-2.1675251449511244,-92.25699519847652,0.0,4.449671784988195
2,126,1,33,1,11.5,218.66295972922194,12.798117500117725,-78.91885747356086,1.0,9.93955530321717
2,126,2,76,0,11.5,458.3726659622102,-0.05997137480021442,-91.59018304048784,0.0,7.743052794529262
2,127,0,49,0,11.5,295.76363796922044,0.18590609427684301,-89.69274382733562,0.0,6.467353811510288
2,127,1,48,1,11.5,332.6300044694069,-1.0264329728689752,-92.74340794654756,0.0,10.137093576787473
2,127,2,70,0,11.5,417.58236741079526,2.565047122813504,-86.50063120710837,0.0,7.20767297736348
2,128,0,33,0,11.5,334.5437270428313,1.2346775651298993,-90.26579797972892,0.0,7.004086459587019
2,128,1,60,1,11.5,250.8505747823295,6.526466444493391,-85.1905085291852,1.0,7.08646708902077
2,129,0,75,0,11.5,469.5875195164205,-0.6933504750760662,-92.41032544875466,0.0,9.155073692140078
2,129,1,73,1,11.5,384.9564166222933,-2.2415272495542453,-91.46143516373782,0.0,7.5679051530565955
2,129,2,38,1,11.5,434.30637202051054,-2.7402955422809394,-93.25321572810546,0.0,6.419734570818503
2,130,0,20,0,11.5,275.9680651186267,-0.8884624025198871,-90.83388007192782,0.0,7.162544080696612
2,130,1,26,1,11.5,182.01166880871534,10.52759618206835,-81.18937879161024,1.0,8.568980529158326
2,130,2,13,0,11.5,222.2262169035669,-0.04226854771809751,-90.19929992929073,0.0,6.359087837698406
2,131,0,12,0,11.5,395.6650151335167,-2.103946299030162,-89.87464155851032,0.0,6.159463881396036
2,131,1,6,1,11.5,248.35487581446992,6.399319533670141,-85.31765544000845,1.0,9.30409088570019
2,131,2,33,0,11.5,361.72846686085495,-0.9049781350915156,-90.07555821351585,0.0,6.857190887983682
2,132,0,32,1,23.0,484.42179069070977,1.721134254679086,-86.82117799143008,0.0,12.204601507887816
2,132,1,22,1,11.5,222.01150222463983,-1.4398864971657321,-87.66559004647375,0.0,4.348099875106042
2,132,2,26,0,11.5,104.70461922686378,16.173426575162324,-75.54354839851626,1.0,14.115898991533856
2,133,0,46,0,11.5,499.2332163165238,-4.00015010726039,-95.71712508093897,0.0,7.908316388625822
2,133,1,49,1,11.5,412.99102850027833,3.3160919035284957,-88.40088307015009,1.0,9.183165614436716
2,133,2,5,3,11.5,470.5123601880221,0.6634349014000034,-91.0535400722786,0.0,10.66361987060352
2,134,0,27,0,11.5,590.7508083432746,-1.032679548608992,-92.74965452228757,0.0,8.718080745171777
2,134,1,11,1,11.5,252.38625380122662,7.419004803213641,-84.29797017046495,1.0,8.593837731766422
2,134,2,66,3,11.5,209.58703121488796,3.064320288949043,-88.65265468472954,1.0,9.149624946824137
2,135,0,66,0,11.5,295.8570611402054,6.535983365925862,-85.18099160775273,1.0,8.282458373323133
2,135,1,58,1,11.5,263.82735012741773,1.4371730069137154,-90.27980196676488,0.0,7.4318501960640795
2,135,2,17,3,11.5,420.80814113094135,-1.1025017705698639,-92.81947674424845,0.0,8.961905482383587
2,136,0,3,0,11.5,444.71630590863583,-6.316583564318635,-97.2619365505125,0.0,4.300117291237299
2,136,1,8,1,11.5,157.22127593074623,15.266402048347361,-76.45057292533123,1.0,9.5327119982672
2,136,2,66,0,11.5,212.42790285139705,12.118591865550645,-79.41830335069676,1.0,5.937889362242566
2,137,0,67,0,11.5,578.6835762568454,-3.9227184333026326,-94.24212664542858,0.0,5.259097427686775
2,137,1,19,1,11.5,428.14274069541096,5.95932996706511,-85.75764500661349,1.0,9.409405999450778
2,137,2,21,0,11.5,372.6146856576295,3.7219363509741097,-87.0340809450481,1.0,5.215220713410966
2,138,0,24,0,11.5,468.1080561704834,-1.2159360636478243,-92.77442704144357,0.0,6.421346115283972
2,138,1,3,1,11.5,504.72733111676865,-2.243627408958287,-93.96060238263688,0.0,10.348483909904095
2,138,2,67,0,11.5,493.2507860215663,0.4802594729693885,-91.05152107783618,0.0,5.582343146590365
2,139,0,32,0,11.5,504.1715005880499,-0.17739379353726192,-91.27397234466804,0.0,5.214193059094339
2,139,1,12,1,11.5,447.88949333484135,-1.354110296845278,-93.07108527052387,0.0,8.065446955005095
2,139,2,64,0,11.5,622.4864970124823,-1.1005861860158075,-90.5956366511606,0.0,5.207826120318307
2,140,0,5,0,11.5,381.0806331017474,-6.439019455320876,-97.11783977819402,0.0,4.6168509378859515
2,140,1,61,1,11.5,152.72871210745507,15.400767054476034,-76.31620791920255,1.0,9.438927753938044
2,140,2,78,0,11.5,562.82693091087,-9.049386815792053,-100.38493970874819,0.0,5.320005982652026
2,141,0,16,0,11.5,560.5115264929368,-13.662036372635043,-105.34514928774121,0.0,4.749378207233038
2,141,1,71,1,11.5,385.1331192769923,1.472681658849036,-90.24429331482955,0.0,8.089263833404347
2,141,2,15,0,11.5,318.7468237796319,0.3658287591709609,-88.01966777744518,0.0,6.303855063941012
2,142,0,26,0,11.5,112.23056276230042,11.538863145733043,-80.17811182794554,1.0,7.328585656444698
2,142,1,1,1,11.5,355.855104420846,5.510277981314387,-86.20669699236419,1.0,10.074954919498282
2,142,2,34,2,11.5,532.7906652440845,-2.9744862114308415,-94.69146118510943,0.0,8.221684617508494
2,143,0,4,0,11.5,289.64023359377467,-0.27712380364280226,-88.3942648527213,0.0,4.826251799344914
2,143,1,65,1,11.5,538.8070134571605,2.588809823924368,-89.12816514975421,0.0,9.069369920375568
2,143,2,26,0,11.5,106.10704422254156,9.286499513263822,-77.89992557482323,1.0,6.4015289043428325
2,144,0,23,0,11.5,313.70197551143997,2.397473519129464,-89.03377017776579,0.0,5.454276416272373
2,144,1,19,1,11.5,455.6385934077466,0.7549369913126301,-90.96203798236596,0.0,8.142034175912775
2,144,2,76,0,11.5,525.0957950647489,-5.675278497672602,-97.15601045591302,0.0,4.689483204763749
2,145,0,62,0,11.5,265.2309684713858,2.239543206097748,-86.01872904398057,0.0,5.300504993515486
2,145,1,46,1,11.5,437.5960238937618,0.9131888027750222,-90.80378617090358,0.0,8.345671493532581
2,145,2,64,0,11.5,604.4213441211973,-3.8492540775723083,-94.86385100501468,0.0,5.513456667506396
2,146,0,7,0,11.5,502.9100567006724,-4.4043405567766944,-95.90364807589827,0.0,5.337468509460848
2,146,1,57,1,11.5,563.6581189794385,-2.499936430322392,-94.21691140400098,0.0,8.848846844378498
2,146,2,41,0,11.5,500.2433436222075,-4.392695681841139,-94.93587248234917,0.0,4.834160379162501
2,147,0,19,0,11.5,484.7660534827759,-3.1840366900309602,-93.14077100104633,0.0,5.538026351963575
2,147,1,65,1,11.5,554.6170457377126,0.7685293083209901,-90.94844566535761,0.0,10.734915865832685
2,147,2,75,0,11.5,559.0658580138404,-3.0146195032567515,-94.51970112764918,0.0,5.087110480150226
2,148,0,57,3,0.0,583.9280620530336,-11.26712549135301,-102.98410046503159,0.0,0.7371582575768488
2,148,1,38,1,11.5,442.99053293993455,0.6675926824808405,-91.04938229119774,0.0,6.441802914185145
2,148,2,39,0,11.5,243.85177851278053,6.454051643971074,-85.26292332970752,1.0,7.8928035621618005
2,149,0,10,3,11.5,294.93601385639437,3.683247306424941,-88.03372766725366,1.0,9.230400856098267
2,149,1,0,1,11.5,545.4183463941897,-1.3170928736586003,-93.03406784733718,0.0,7.478397958561338
2,149,2,53,0,11.5,169.82924316664963,7.89204259668584,-83.82493237699276,1.0,8.083454452684444
2,150,0,44,0,11.5,291.35583472104463,4.886574924278479,-86.5459639534829,1.0,5.579166281875303
2,150,1,42,1,11.5,542.6090090319806,0.366570510227893,-91.3504044634507,0.0,8.023825477011501
2,150,2,73,0,11.5,456.8994454330075,-0.44494161166440693,-91.51476730635514,0.0,5.1705614664998585
2,151,0,8,0,11.5,206.4024494887024,5.832933049799051,-83.86867457187095,1.0,5.985373751115706
2,151,1,25,1,11.5,434.01306528953467,3.761675601632615,-87.95529937204597,1.0,8.052965635781431
2,151,2,68,0,11.5,93.55396831257114,0.16422810846154373,-75.92049390213543,0.0,4.9005710760051056
2,152,0,55,0,11.5,373.61856895078546,-2.861445933093456,-91.77227073124897,0.0,5.250308319623745
2,152,1,36,1,11.5,484.3047842692295,-3.1400192598875214,-94.8569942335661,0.0,7.764240110172891
2,152,2,51,0,11.5,468.62468256058844,-5.671491407787742,-96.97485697956134,0.0,6.674845329864803
2,153,0,40,0,11.5,486.79819109989063,-3.5821132536573774,-94.3808918838597,0.0,5.255085163219841
2,153,1,32,1,11.5,536.6918578314184,-5.101104344498647,-96.81807931817724,0.0,8.478589713714063
2,153,2,42,0,11.5,542.6090090319806,-9.0001101532954,-100.22690499195798,0.0,6.5770714802972385
2,154,0,72,0,11.5,295.9804533779022,4.476778622859836,-86.49927373002723,1.0,6.144143065049459
2,154,1,37,1,11.5,576.3912283110069,-3.34426190791091,-95.0612368815895,0.0,8.592457592792108
2,154,2,4,0,11.5,316.63508793781375,3.895133508600894,-85.03447772864004,1.0,5.143203176420391
2,155,0,34,0,11.5,557.1697466019018,-1.1122505943638115,-92.39399545023264,0.0,5.775339090991556
2,155,1,60,1,11.5,233.8438537147668,6.109349021328052,-85.60762595235055,1.0,9.167849874140886
2,155,2,41,0,11.5,484.55489510656605,1.1655310446099103,-90.52154210937564,0.0,5.496394996328524
2,156,0,65,0,11.5,566.4815704654304,-5.397250574223511,-95.86764558244403,0.0,5.600136083289195
2,156,1,48,1,11.5,398.71435366534126,5.674556553047121,-86.04241842063146,1.0,7.792476549445908
2,156,2,3,0,11.5,458.36186561123657,-2.695324546491742,-93.3353424996518,0.0,6.300283941409837
2,157,0,7,3,23.0,509.3533321736147,9.650096516276495,-82.06687845740208,1.0,16.1398323537324
2,157,1,2,1,11.5,392.34378333620236,3.576545574294942,-88.14042939938363,1.0,14.407062444616695
2,157,2,16,0,11.5,595.720500680638,-6.534246462718953,-98.25122143639754,0.0,2.490635189812217
2,158,0,23,1,23.0,329.67426281806775,-0.09275972976169229,-85.84831070415413,0.0,10.2368358291898
2,158,1,29,1,11.5,425.7729620558825,-0.6291404733330473,-91.1947113764956,0.0,4.54760376656319
2,158,2,49,1,11.5,383.803823179883,-0.712888550068796,-86.69037145015524,0.0,4.255838002603873
2,159,1,23,1,11.5,329.67426281806775,-0.47319755751535086,-92.19017253119395,0.0,6.165641757407213
2,159,2,57,0,11.5,576.843463304169,-7.488096571533749,-99.20507154521235,0.0,6.934855976754743
3,0,0,75,0,0.0,107.82153917278772,-0.5695647106878167,-92.2865396843664,0.0,6.957490806154077
3,0,1,38,3,23.0,1010.824617686237,-2.4243225609193524,-92.76120441562794,0.0,11.894371268856391
3,0,2,32,3,23.0,733.2546218875326,-1.5495377634445464,-91.04098290725895,0.0,9.469859368808748
3,1,0,32,2,23.0,398.1541116138614,9.900268833258842,-81.81670614041975,1.0,16.3909463494205
3,1,1,2,3,23.0,237.5831659670596,19.784116548706177,-71.93285842497241,1.0,16.2919626240175
3,1,2,34,0,11.5,389.45381821943863,-0.9688428748192028,-92.68581784849779,0.0,9.920556256357601
3,2,0,14,2,11.5,108.81894225131089,8.649582986272112,-83.06739198740647,1.0,9.376917653223593
3,2,1,73,3,11.5,287.488087397626,-2.170848528443519,-92.47864366188722,0.0,7.88022850320232
3,2,2,9,3,23.0,912.6939512729915,2.356453326900499,-88.55745949467251,0.0,9.234500037422668
3,3,0,31,1,11.5,727.436572058441,-6.602016208606414,-98.318991182285,0.0,3.4415965384401463
3,3,1,48,2,0.0,376.46611833517335,-4.999041027028678,-96.71601600070727,0.0,2.965182773231474
3,3,2,66,0,0.0,494.13299005540335,-8.49521815992852,-100.21219313360712,0.0,1.6580098218938037
3,4,0,11,1,23.0,763.9618568563324,-0.5635995928741607,-92.01495481542099,0.0,9.771464591761463
3,4,1,65,1,11.5,87.28875438200532,10.777663062094573,-77.34740949962587,1.0,5.49548707685662
3,4,2,76,0,0.0,196.53776267502596,-2.3575513930288996,-94.07452636670749,0.0,3.2945826227003128
3,5,0,69,3,23.0,742.079372299181,2.790599268047308,-88.92637570563127,0.0,15.300342402951724
3,5,1,65,0,0.0,86.28495847836321,0.6488768585072535,-89.31260938994686,0.0,5.548966585592264
3,5,2,58,0,23.0,867.1722709603462,-3.2351649328717063,-94.76617386955057,0.0,11.793686613826438
3,6,0,23,0,11.5,424.2741526042863,-3.020589269102745,-93.16629870855566,0.0,4.6091953893090025
3,6,1,19,0,0.0,133.38309084592356,1.548478987043438,-90.02026129693004,0.0,2.86929842552495
3,6,2,45,0,11.5,584.9837739448745,-3.240099800609121,-93.94297319712024,0.0,5.145834906655448
3,7,0,14,0,23.0,96.71386457081422,18.799714769437358,-72.91726020424123,1.0,11.100959037472164
3,7,1,15,3,11.5,434.45029253859644,-0.5251798468632383,-92.24215482054183,0.0,9.969999927997112
3,7,2,0,1,0.0,92.85476741970612,5.846376169444452,-85.87059880423413,1.0,8.305617213538914
3,8,0,54,0,23.0,652.0199417262506,3.738481986182729,-87.59127500010935,1.0,14.755161427805369
3,8,1,19,0,0.0,127.23992255920484,1.7010986862630293,-88.32475754989719,0.0,6.664918207233277
3,8,2,66,2,23.0,475.8619941769081,5.198329544891623,-86.51864542878697,1.0,14.399165146193813
3,9,0,28,2,23.0,671.8871687090347,3.3397211038126158,-88.37725386986598,1.0,11.082679245318607
3,9,1,72,3,0.0,291.65352688808247,-7.049158747564074,-98.73634841832148,0.0,2.845174993890724
3,9,2,0,3,0.0,90.09309816713235,-7.022801846215215,-98.72633025077423,0.0,1.1801504019041948
3,10,0,37,0,23.0,148.23892245364524,19.622735167765665,-72.09423980591293,1.0,19.284552508918754
3,10,1,20,3,23.0,425.1300309238225,14.494803872594082,-77.22217110108451,1.0,22.232444018403644
3,10,2,45,2,23.0,577.2727050462036,11.633698823987979,-80.08327614969062,1.0,19.14432127490945
3,11,0,41,0,11.5,576.3857931217984,-2.1889030871619584,-93.85280400936512,0.0,4.205672931390923
3,11,1,40,0,0.0,303.21482181558935,-6.851785243997659,-97.72285850193568,0.0,2.0356184204987047
3,11,2,34,3,0.0,374.2854104452796,-7.124636074302197,-98.84161104798079,0.0,0.6608098103397075
3,12,0,70,0,11.5,273.1173897156761,7.320757394540074,-84.39621757913852,1.0,9.191250829927744
3,12,1,7,3,11.5,494.8177455049325,-0.5774815353850904,-92.29445650906368,0.0,13.119303172029229
3,12,2,27,2,23.0,1072.4818753409613,0.25859567116250765,-91.45837930251608,0.0,12.474545354507915
3,13,0,5,2,23.0,437.7450301699836,1.703827862419314,-90.01314711125927,0.0,10.397577572716049
3,13,1,56,3,0.0,126.28949350591716,-4.469293731790541,-96.18626870546913,0.0,6.202470846432706
3,14,0,42,3,0.0,326.2595081330458,-10.384123441876076,-101.93220914561866,0.0,3.521451412420869
3,14,1,25,1,11.5,227.61485584352465,3.4609430702164263,-88.25603190346216,1.0,6.594154796661897
3,14,2,45,3,11.5,569.9066030534601,-6.410652315335592,-97.85305365666426,0.0,4.91302905158331
3,15,0,42,1,11.5,325.06532752999595,6.163020520667926,-85.55395445301066,1.0,11.75859612624928
3,15,1,62,0,11.5,350.79231019513566,-1.0858822957330547,-86.90811900597575,0.0,6.379177526643717
3,15,2,39,0,23.0,744.0816114864549,3.257258494874816,-87.96851789411147,1.0,9.619583047447335
3,16,0,49,0,11.5,191.62199754472084,12.383010406138188,-79.21108978788807,1.0,9.257073671287719
3,16,1,67,0,23.0,792.753775980278,6.150419055484562,-85.37282408009949,1.0,12.65562570910452
3,16,2,0,1,0.0,85.76958146160824,5.915408708022813,-85.80156626565577,1.0,11.460181873895165
3,17,0,74,0,11.5,484.0646770519427,-3.5285932206789856,-95.19060969363024,0.0,7.77868660203587
3,17,1,22,3,11.5,301.1316113131578,0.665064055032082,-91.05191091864651,0.0,6.734019742484478
3,17,2,67,0,0.0,239.59694498781266,-5.099020483073351,-96.54225363977702,0.0,4.289327446771304
3,18,0,60,0,23.0,730.0031592646521,-2.9668877625905345,-93.85301370190311,0.0,9.887592094784365
3,18,1,56,1,0.0,111.53796365991062,-0.7324604409856218,-92.44943541466421,0.0,2.7127174401699135
3,18,2,0,0,0.0,86.18108614356333,0.7084646041248711,-89.43989624144822,0.0,5.60231189718884
3,19,0,77,0,11.5,947.7651718361808,-9.321048628326862,-101.03802360200544,0.0,8.665046002083075
3,19,1,57,2,11.5,326.2651644259159,1.9235222289632803,-89.7934527447153,0.0,8.613186127016116
3,19,2,0,1,11.5,86.6634805513643,21.128581390195087,-70.58839358348351,1.0,6.641252870451846
3,20,0,14,1,0.0,81.4174186510093,2.027689203085191,-89.33790019847102,0.0,3.097613517435497
3,20,1,59,1,23.0,465.64476204430105,11.245885115428846,-77.95115081323829,1.0,13.407360878998235
3,20,2,18,1,11.5,375.40130075269366,3.431288515822051,-87.24218257455901,1.0,6.802035640744703
3,21,0,49,2,0.0,174.71504681265398,1.0452585225629045,-90.67171645111569,0.0,9.338375119693781
3,21,1,61,0,11.5,394.6183033086016,0.23468537719286092,-88.64450372694735,0.0,10.073658666081695
3,21,2,72,0,23.0,720.0694321353645,8.213714458856895,-79.56095242970173,1.0,9.500904662815262
3,22,0,64,0,23.0,197.1264649563839,11.217703169049242,-72.19753266174033,1.0,14.211044207054577
3,22,1,1,0,23.0,357.28136033081495,4.751024213629335,-78.16446439694215,1.0,11.99179522404089
3,22,2,10,0,23.0,306.1554409946716,4.695219670770113,-79.46895654001679,1.0,10.999615869426616
3,23,0,58,2,23.0,510.3146505917681,1.341284846109101,-90.37569012756948,0.0,17.424492057097137
3,23,1,51,1,11.5,93.02772481823416,14.396696813570774,-77.32027816010782,1.0,14.974619987509456
3,23,2,15,0,23.0,518.2162299648685,7.976500324263868,-83.74047464941472,1.0,16.313605004296033
3,24,1,35,0,23.0,460.8858613471453,10.06762813974335,-81.50286226916373,1.0,13.529547231088747
3,24,2,0,0,0.0,91.69217591070014,-0.9650154181148741,-86.81805533740044,0.0,4.232976935800818
3,25,0,23,1,11.5,364.1398430504369,-4.043465325629389,-94.50408729410893,0.0,9.364981350034963
3,25,1,72,1,11.5,230.97685446033034,4.3007140780230415,-85.92224791066478,1.0,8.995134520522736
3,25,2,66,0,11.5,414.9351813008716,-2.0325854719940954,-93.74956044567269,0.0,6.622957665755905
3,26,0,64,0,11.5,201.4329190882185,7.7000807006255805,-84.00038410310486,1.0,10.498145845128969
3,26,1,58,2,11.5,376.31521715769367,0.2211551540821748,-91.49581981959642,0.0,10.045942009595489
3,26,2,3,0,11.5,394.22931389919864,-4.193151305528769,-94.41569377805017,0.0,6.543042879182307
3,27,0,14,3,23.0,86.03260562328938,24.373619378910206,-67.11236141910759,1.0,16.281459910137382
3,27,1,51,2,23.0,86.17660658496473,21.362641889587096,-70.35433308409151,1.0,21.400333131345036
3,27,2,78,3,11.5,290.36176382247885,5.035500635080385,-85.5064175710292,1.0,11.578556029949995
3,28,0,37,1,11.5,163.4880117321027,9.404111840817894,-82.3128631328607,1.0,13.040841079741542
3,28,1,62,2,11.5,303.01441589358575,8.886215329276823,-82.83075964440175,1.0,12.985953209824414
3,28,2,57,0,23.0,734.588923056029,12.509064624647797,-79.20791034903078,1.0,13.254679019372722
3,29,0,79,2,11.5,469.44831218495494,3.5616927351122185,-88.15528223856637,1.0,14.976357689653588
3,29,1,18,0,23.0,535.6402461073808,2.207458731218864,-87.36490705069511,0.0,15.260356030814986
3,29,2,66,0,11.5,400.93015001859305,-1.6033951154580772,-90.38487232793521,0.0,8.097696392358442
3,30,0,29,0,23.0,222.2194027140954,20.509226239033026,-71.18865224920044,1.0,12.668850991447773
3,30,1,65,0,0.0,116.14335758399243,0.9153214426281809,-90.19026702375781,0.0,3.4785765938950504
3,30,2,17,3,11.5,386.4607102065425,4.342196067449061,-87.37477890622954,1.0,8.298636863898247
3,31,0,16,3,11.5,161.3990038557735,7.263692010026869,-84.45328296365173,1.0,5.535518001716749
3,31,1,27,2,0.0,247.05124037355233,-3.6760814124227337,-95.39305638610132,0.0,4.279085828702105
3,31,2,74,0,11.5,610.893661127536,-5.573127604536991,-97.29010257821558,0.0,5.473035919153138
3,32,0,63,0,11.5,242.90565249587382,2.728654517609575,-88.59959301928569,0.0,10.211954296769854
3,32,1,62,2,11.5,288.6073372515335,2.781619932392645,-88.93535504128594,0.0,10.466983163455096
3,32,2,0,0,11.5,107.26830446305236,2.8078527888014824,-88.1432372908373,0.0,6.755078785650242
3,33,0,54,0,23.0,566.5814740786149,6.1140622517567,-83.31283015484205,1.0,14.784293665777806
3,33,1,44,1,11.5,221.92604455663778,10.964847301645403,-80.75212767203318,1.0,13.934997154751223
3,33,2,13,0,11.5,309.12146486874434,2.100723264448987,-84.96444458369734,0.0,6.785759994568983
3,34,0,16,0,23.0,169.62179393841242,22.264616583149724,-69.45235839052886,1.0,12.072592282244
3,34,1,65,1,0.0,127.71980732480917,1.8866719186446796,-89.83030305503391,0.0,5.5985820738404515
3,34,2,26,3,0.0,423.3687593827402,-6.230209152335577,-97.94718412601415,0.0,3.7437440235399677
3,35,0,18,3,11.5,619.6971263983576,-1.6100859863238626,-93.32706096000246,0.0,7.249848971366027
3,35,1,25,2,11.5,185.08055195364292,4.604668134396599,-87.112306839282,1.0,7.950360302145601
3,35,2,67,0,0.0,235.36291258865228,-2.4258218449233997,-94.142796818602,0.0,4.759251660451315
3,36,0,7,1,23.0,523.636800486909,10.454079205008371,-81.26289576867022,1.0,13.966131352792885
3,36,1,72,2,11.5,190.52734708462154,2.304730230323573,-89.41224474335502,0.0,15.24916615586721
3,36,2,0,0,0.0,117.5755338152788,2.343033118379692,-89.3739418552989,0.0,7.195148403570413
3,37,0,79,0,23.0,460.1601733934533,13.250998332674753,-78.46597664100385,1.0,21.19782170946145
3,37,1,57,1,23.0,324.03631711856247,8.087977093638584,-83.09200625931143,1.0,15.903136621039412
3,37,2,34,1,23.0,353.4760635928125,8.13325124575935,-82.78222080844179,1.0,9.698588580168167
3,38,0,75,1,0.0,133.52930563066622,5.2463478658091685,-86.47062710786942,1.0,10.589809121466962
3,38,1,53,3,23.0,325.06999499218716,14.310618097393116,-77.40635687628547,1.0,19.180477492307457
3,38,2,77,0,23.0,543.0284257823897,4.304624302313747,-87.41235067136485,1.0,19.857457101399426
3,39,0,32,0,23.0,352.23353517542165,12.337236461248569,-76.42620790298824,1.0,17.969988152123705
3,39,1,78,2,23.0,757.051853491274,0.7581855399417864,-90.9587894337368,0.0,21.991128034003882
3,39,2,45,0,11.5,532.5218657787825,-3.891176650851152,-95.17548968874031,0.0,8.84464898268991
3,40,0,61,1,23.0,593.2642098261226,4.76438339368495,-86.74967404722786,1.0,14.055402727785605
3,40,1,72,0,11.5,176.24074975622588,8.88230445626218,-82.8346705174164,1.0,13.793017617933504
3,40,2,47,1,11.5,189.81048338042,7.17294222808174,-82.97402472573252,1.0,8.183485204338673
3,41,0,4,0,23.0,152.63973771431412,22.53133139614228,-69.18564357753631,1.0,23.345374670712264
3,41,1,27,1,23.0,258.33373435014863,17.11509545931446,-73.70519817070956,1.0,17.42478232028177
3,41,2,34,1,23.0,352.8957980929594,3.3588357150583024,-85.09484833495536,1.0,11.468081735025685
3,42,1,20,0,23.0,320.6099160109787,7.577234137348562,-84.13974083633002,1.0,15.454110592999683
3,42,2,67,3,11.5,239.61144973835462,4.143407603974881,-87.57356736970371,1.0,11.761473860310169
3,43,0,54,1,11.5,533.8243079078107,-4.0885568464226,-95.8055318201012,0.0,7.668678396952757
3,43,1,2,3,0.0,109.64290610145157,-1.6124094482240858,-93.32938442190267,0.0,3.3375469847631765
3,43,2,34,2,11.5,352.8774613105308,6.484388552453763,-85.23258642122484,1.0,7.3900127369102115
3,44,0,29,0,11.5,202.5485885116282,8.707770915969617,-83.00920405770897,1.0,14.9232679294785
3,44,1,33,1,23.0,185.01262676595624,4.3676514230784145,-82.38370642851068,1.0,14.452690810487432
3,44,2,11,1,23.0,240.73071544896706,18.149030803159665,-67.03738873037736,1.0,10.837907661238974
3,45,0,71,0,23.0,102.41185896863892,25.721299366118885,-65.9956756075597,1.0,14.368678528888182
3,45,1,22,1,0.0,204.02549962646435,-6.83825460190614,-98.55522957558472,0.0,7.7618384305068515
3,45,2,67,2,11.5,242.40148708599713,2.789263929564652,-88.92771104411393,0.0,8.704088534419242
3,46,0,37,3,11.5,204.57243663312624,5.974212003684384,-85.7427629699942,1.0,13.916826745602394
3,46,1,69,2,23.0,279.12109569989013,20.399336141938363,-71.30575513098916,1.0,16.158668832711758
3,47,0,70,1,23.0,167.81799273557175,18.779554983709296,-72.81683851246328,1.0,19.768778298557876
3,47,2,51,2,23.0,756.4786854756504,3.5122562819187046,-88.2047186917599,1.0,15.253071932259008
3,48,0,14,3,0.0,138.30418916991857,-2.6112276944662822,-91.03602596330529,0.0,3.1425720755681485
3,48,1,65,3,23.0,173.85365407663343,23.436604062216873,-68.25111354055406,1.0,19.670351146831997
3,48,2,29,1,23.0,793.1157282801131,4.467288391774751,-87.24968658190384,1.0,19.33351699856458
3,49,0,38,0,11.5,274.54855575316407,2.031444778208757,-86.57484501139251,0.0,8.901732155993122
3,49,1,77,1,11.5,326.2430958991502,-1.6024485085778772,-93.31942348225647,0.0,14.393217206573881
3,49,2,64,0,23.0,926.3873946502172,1.0020996553106245,-90.32463366461711,0.0,10.052956703535225
3,50,0,32,0,23.0,350.3108784487122,11.470682787921142,-80.24629218575745,1.0,20.65216356429256
3,50,1,39,2,23.0,470.29913287603244,11.966109307378458,-79.75086566630013,1.0,22.020669099604465
3,51,0,75,2,23.0,174.8161856100907,8.118389214985559,-75.6998087918639,1.0,12.950597754304965
3,51,1,28,1,11.5,188.5821589173575,8.839576483919808,-82.87739848975878,1.0,18.622761189140327
3,51,2,50,2,23.0,203.73545119211389,0.5147674263174441,-77.88297177352008,0.0,10.2414172229476
3,52,0,71,0,0.0,88.47125103928452,6.948308435241147,-84.76866653843744,1.0,12.857542714026772
3,52,1,65,1,11.5,188.0217080764904,5.7105984723204894,-82.10848571108299,1.0,6.855703227062233
3,52,2,68,1,23.0,435.21244758741307,8.301237649792451,-82.46531533614699,1.0,11.011397388063436
3,53,0,71,1,0.0,87.03456556879033,7.872749184482158,-83.84422578919643,1.0,6.572294641806869
3,53,1,6,3,11.5,458.72388477912233,-4.245159423082515,-95.96213439676112,0.0,12.353552030212654
3,53,2,14,0,23.0,799.5072617920114,8.167376709114636,-83.54959826456395,1.0,13.673100557069164
3,54,0,37,0,11.5,227.8125798569525,8.792003988369073,-82.52818165374661,1.0,9.857497795286575
3,54,1,7,0,23.0,429.85454259905066,10.827376297475457,-79.16745311309768,1.0,21.09345168377124
3,54,2,13,1,23.0,244.9983043135548,15.273882276157995,-76.44309269752058,1.0,20.72263210446397
3,55,0,63,0,0.0,170.98461209437167,-1.6013821362533256,-93.10677765261374,0.0,3.7819647720550567
3,55,1,57,1,23.0,337.5175730323582,14.67835440465568,-77.0386205690229,1.0,17.911080331315947
3,55,2,34,0,11.5,356.5569422080508,1.1269171650801768,-90.56028314920111,0.0,10.520726084950875
3,56,0,71,0,0.0,83.72918029948664,3.1602934361124118,-86.78449688094965,1.0,7.339336725762882
3,56,1,28,0,11.5,176.23300151665546,8.81715107065866,-82.54686972692389,1.0,11.964630143942399
3,56,2,15,1,23.0,420.6888008808206,11.271481006969333,-80.44549396670925,1.0,13.469283362753332
3,57,0,16,1,11.5,243.32604546259103,-5.229317840441271,-96.16857042267058,0.0,9.531835823767784
3,57,1,35,1,23.0,408.96719877982525,13.000490115685244,-78.0518346292107,1.0,21.397057776740667
3,57,2,45,2,23.0,516.0324199980988,3.086109882933479,-88.63086509074512,1.0,21.11225463036516
3,58,0,7,1,23.0,488.8395484056791,7.181674902423325,-84.45172319503828,1.0,14.842421970087806
3,58,1,44,3,11.5,141.65424174427295,11.878460150601477,-79.83851482307712,1.0,13.495135158365526
3,58,2,47,1,0.0,129.22326426873337,-2.246638613792769,-90.65733446004467,0.0,3.3628370317995984
3,59,0,74,2,23.0,454.9321015355856,6.108408674453156,-85.60856629922543,1.0,23.831502618231184
3,59,1,62,1,23.0,197.8693824951808,16.47931660765068,-75.23765836602792,1.0,21.947348818140707
3,59,2,78,0,11.5,329.649092032158,8.141720468811576,-83.57525450486702,1.0,14.289850482006143
3,60,0,69,2,23.0,596.4002308013646,-2.3992022000894315,-90.43829362700527,0.0,10.83628518364033
3,60,1,72,2,0.0,111.98866599929043,-1.6119386512225615,-87.44517439382095,0.0,3.774801193339388
3,60,2,57,2,23.0,662.7814460999613,4.81648877181029,-85.75942165766233,1.0,11.208413671373979
3,61,0,4,2,0.0,94.55044507644465,5.999404787287553,-85.71757018639104,1.0,10.137944224020737
3,61,1,32,3,23.0,877.3818939449816,-0.8864181394077613,-92.60339311308636,0.0,17.38035597032967
3,61,2,60,0,11.5,211.96857543234233,7.620772516830838,-84.09620245684775,1.0,12.196087366314652
3,62,0,49,2,11.5,99.56646136346654,19.50111155634614,-72.21586341733244,1.0,23.79273185496278
3,62,1,7,1,23.0,423.94938993546094,14.090698447061731,-77.62627652661686,1.0,22.307823336903223
3,62,2,17,3,23.0,347.02478313420215,11.34448040756906,-80.37249456610952,1.0,19.37707648261564
3,63,0,57,3,11.5,899.3303079204012,-5.788185402007427,-97.50516037568602,0.0,8.569137872886145
3,63,1,69,0,0.0,285.70339628231005,-7.482854591948474,-99.19982956562706,0.0,3.636095260745346
3,63,2,43,1,11.5,245.56575386637556,3.7589062606658583,-87.95806871301274,1.0,7.800336461154387
3,64,0,1,2,11.5,452.51646774487295,-3.862818901468744,-94.13752170610948,0.0,7.838730149208918
3,64,1,21,2,11.5,254.2061081756493,-6.255233209205105,-97.34307324903821,0.0,8.66678921122501
3,64,2,50,2,0.0,158.65515319894357,-3.7423101793936944,-93.91780782605755,0.0,2.1801757098590206
3,65,0,29,2,0.0,200.63058679129222,-7.193108632466764,-98.28926366751023,0.0,2.9468180082509305
3,65,1,20,2,0.0,258.858794157494,-10.666808494067222,-101.99908602168725,0.0,4.062306441961024
3,65,2,55,2,23.0,226.52564990917742,17.970988687289168,-73.4440462361716,1.0,11.776102911077393
3,66,0,39,1,11.5,192.86631399553698,8.992426622400325,-82.44904262955797,1.0,10.944961930754925
3,66,1,69,1,11.5,288.51779991483164,6.0069444446236115,-85.20620987891212,1.0,15.234640642438563
3,66,2,20,0,23.0,610.8860164358927,8.382473946757269,-83.33450102692132,1.0,15.894555365803807
3,67,0,63,0,23.0,142.91574636885548,25.946811541361644,-65.77016343231693,1.0,21.807981186236333
3,67,1,77,1,23.0,312.25237839245256,4.8043726761295495,-86.91260229754904,1.0,23.394652813582418
3,67,2,10,2,0.0,175.8559355909194,0.29862336872929507,-91.4183516049493,0.0,5.242239933810758
3,68,0,71,3,11.5,87.36598739284902,16.788848808390824,-74.92812616528778,1.0,12.404507872747258
3,68,1,27,1,11.5,313.2342992440097,7.287380213162244,-84.42959476051634,1.0,15.606331404664209
3,68,2,58,0,23.0,617.6349231350868,10.194555070636833,-81.52241990304177,1.0,17.526380090427928
3,69,0,5,3,0.0,327.94151163691737,-5.267581136418019,-96.98455611009662,0.0,5.427750165042809
3,69,1,54,2,0.0,180.0643305644579,-7.206730475047197,-98.06353289286523,0.0,2.445651058580468
3,69,2,57,2,11.5,645.7260710863354,-13.399062349124186,-104.97155524530334,0.0,5.113699270435678
3,70,0,49,3,0.0,110.28894981816121,1.5269116170559154,-90.19006335662267,0.0,3.7523579184041185
3,70,1,77,2,11.5,311.4814807390485,4.907334954982227,-85.88956779465971,1.0,7.359369622204842
3,70,2,34,2,11.5,369.9672836299083,4.5336914381044116,-86.52411596819766,1.0,6.498476654601286
3,71,0,0,0,11.5,739.9632428892925,-2.8074870126493923,-94.52446198632798,0.0,9.277631182183683
3,71,1,1,2,11.5,267.5269116214395,6.407032873932891,-85.30994209974568,1.0,10.073580458846552
3,71,2,34,3,0.0,371.18906254244916,-11.034845161962982,-102.75182013564157,0.0,5.126969882907598
3,72,0,49,3,0.0,114.21994356451256,0.04639353103107491,-91.67058144264752,0.0,6.91656855512585
3,72,1,75,2,11.5,739.6932718872202,-7.860360743981416,-99.43195230365887,0.0,7.656977738495854
3,72,2,70,2,23.0,612.8251981918374,0.8705611248359326,-89.96928768697356,0.0,11.181719270662974
3,73,0,29,3,11.5,208.97378425989297,6.864089496639578,-83.22185570041944,1.0,9.843050090938425
3,73,1,8,3,11.5,147.8480389856137,11.038893484909856,-78.26520147771828,1.0,9.237759367472473
3,73,2,76,1,11.5,277.66667489740826,4.78328420701008,-86.93369076666852,1.0,8.718003965824586
3,74,0,16,1,11.5,304.27577418444287,4.872598130828703,-83.64206885610105,1.0,7.918909603534663
3,74,1,56,1,23.0,166.7439546504946,24.20527366945308,-66.40796753517603,1.0,20.776197000131564
3,74,2,76,3,23.0,280.67123663815795,6.223782442860318,-85.49319253081826,1.0,20.11152470393525
3,75,0,70,3,11.5,138.71804057998347,14.960609309648365,-76.70305322150682,1.0,12.353182696731627
3,75,1,54,3,0.0,173.77462157251668,-6.529973884787016,-97.17434513401267,0.0,4.274347252237262
3,75,2,21,2,23.0,443.08374354623555,1.8012763757627606,-89.91569859791582,0.0,15.175428905762683
3,76,0,7,1,23.0,470.8061357725475,14.94632660980686,-76.77064836387173,1.0,17.116114043328484
3,76,1,27,2,11.5,334.50460171637667,7.285407351730752,-84.43156762194783,1.0,13.77701569780954
3,76,2,55,3,11.5,222.9662483203529,2.273765188635232,-89.44320978504336,0.0,9.779805016157649
3,77,0,63,1,11.5,128.8509011070053,0.9150427435715571,-90.20007099935836,0.0,8.046994118527554
3,77,1,5,3,11.5,406.24686443612364,1.7630478654502708,-89.95392710822833,0.0,10.179014992998528
3,77,2,59,1,11.5,271.93550084053334,6.011208664851861,-84.80896516853365,1.0,8.890768917858999
3,78,0,76,3,23.0,669.7409564784548,1.6545316015507263,-88.85863071355395,0.0,13.411829975530729
3,78,1,72,3,11.5,82.57151328514097,6.039461958770504,-75.44608416794571,1.0,7.4446417983693625
3,78,2,13,1,11.5,191.56270752753946,2.014498570565263,-89.70247640311334,0.0,15.895333066833286
3,79,0,50,0,23.0,418.13937318511563,7.569792431654955,-84.14718254202363,1.0,17.397554739663633
3,79,1,56,3,11.5,184.54058518359764,6.687721269159152,-85.02925370451945,1.0,14.370268018864968
3,79,2,55,1,11.5,223.49408376558873,10.79835385012949,-80.9186211235491,1.0,13.164095755074195
3,80,0,14,1,11.5,253.2447609529675,6.489501383208008,-85.22747359047058,1.0,14.110217030236035
3,80,1,22,2,0.0,124.85632124582432,1.5742055859444957,-89.3976296165453,0.0,6.415152879347936
3,80,2,55,2,23.0,223.81277445134563,18.947977022300957,-72.40592528791119,1.0,13.840311415841903
3,81,0,1,0,23.0,416.8722882819231,2.0362539799511996,-85.07096804891125,0.0,11.597506802366915
3,81,1,51,0,11.5,202.39511278851572,2.1639804270082568,-81.16484518956565,0.0,9.635520092307793
3,82,0,26,3,23.0,267.15559510013486,15.931791422114177,-75.78518355156442,1.0,17.287596898297043
3,82,1,15,1,11.5,253.68008918458077,10.053782608280075,-81.66319236539852,1.0,14.500185355190718
3,82,2,50,0,11.5,107.14216774914301,13.160315282226813,-78.55665969145178,1.0,15.146375531404358
3,83,0,63,3,23.0,125.87748491942237,12.21719615731824,-79.49977881636036,1.0,20.126721043711957
3,83,1,9,1,23.0,301.85992849104343,13.179505345668401,-78.51966950438464,1.0,21.2924291042977
3,84,0,29,2,23.0,227.4048844384463,20.948374849018588,-69.96681996705348,1.0,10.314534791688674
3,84,1,25,2,23.0,219.49065956586213,10.871725190135262,-68.68944045064163,1.0,12.242765857964395
3,85,0,5,2,11.5,319.305785508705,2.8805633135696516,-86.87945637041878,0.0,9.431090168271782
3,85,1,24,2,23.0,341.82958946506534,9.900769052816647,-81.13714957491341,1.0,20.175366733329614
3,85,2,13,0,23.0,182.65897351783164,16.51940326539876,-75.19757170827984,1.0,18.61848126397759
3,86,0,63,0,11.5,126.08899419225881,10.350509822063126,-81.36646515161546,1.0,14.150537562566798
3,86,1,8,2,11.5,109.76837203593115,14.57585546414502,-77.14111950953358,1.0,14.507822869014916
3,86,2,24,3,23.0,723.2455334904236,5.359748993399496,-86.3572259802791,1.0,16.020008433952892
3,87,0,4,0,0.0,96.99975741830846,4.307403184824695,-87.4095717888539,1.0,9.420047571723831
3,87,1,46,2,23.0,216.14636172310512,15.72817830214387,-75.98879667153471,1.0,18.086797040317308
3,87,2,6,1,11.5,461.46496814239595,3.213523705845089,-88.50345126783351,1.0,16.24479675718428
3,88,0,3,2,0.0,450.70864498555505,-9.986752274204772,-101.70372724788336,0.0,3.9596307769317565
3,88,1,62,1,11.5,133.13384010338103,9.658754782957091,-79.16397151345092,1.0,8.53513386261715
3,88,2,26,1,23.0,220.2282159548025,5.550213392465244,-83.01405943771161,1.0,11.312235671023034
3,89,0,14,0,23.0,287.5665590496841,5.8580101246354985,-77.03101159752657,1.0,11.294037898331716
3,89,1,31,1,23.0,198.77861507540268,14.163329375871319,-77.55364559780728,1.0,24.972069351225223
3,89,2,67,0,23.0,334.02202673832096,11.002757866874425,-74.40281321686298,1.0,13.222792295124655
3,90,1,48,2,23.0,261.5602987345564,17.612788247914864,-74.10418672576373,1.0,22.595145067715514
3,90,2,15,3,23.0,345.084417758564,11.742830255191187,-79.97414471848741,1.0,20.206063829543453
3,91,0,71,1,0.0,147.32767102225748,4.481082743778129,-87.23589222990046,1.0,6.769958373597744
3,91,1,5,2,11.5,389.26050317043325,1.06736537213963,-89.41427641838715,0.0,6.865149235549726
3,91,2,18,2,11.5,133.14510217741514,1.795391679649089,-84.8758288000574,0.0,6.59728717423824
3,92,0,5,0,11.5,319.51025040107,5.828493068796283,-85.8884819048823,1.0,16.757322030894894
3,92,1,72,1,11.5,97.6448483667367,7.274499502045489,-78.80466348747942,1.0,7.917031254830446
3,92,2,37,1,23.0,682.0139669759778,5.627062409109826,-85.97939845974145,1.0,12.075863575492535
3,93,0,4,0,11.5,112.20170265913275,11.486322895595809,-80.23065207808278,1.0,13.996730995532497
3,93,1,75,2,23.0,680.2783828773577,-0.3127693330157866,-91.64757632506328,0.0,17.352918739739223
3,93,2,10,2,11.5,155.4782593265696,10.965153786360402,-77.45741476697538,1.0,14.866953523949672
3,94,0,38,3,11.5,293.38592758151475,-2.8098220499933584,-85.58113963272677,0.0,5.974337662566226
3,94,1,31,3,23.0,208.8921403960756,3.7393493758371976,-77.29571684025436,1.0,11.94306161248037
3,94,2,76,3,23.0,345.03269066015963,5.796377283638136,-78.71886323076151,1.0,9.228404930050255
3,95,0,70,2,11.5,168.02123333470908,13.780116913547873,-77.93685806013072,1.0,17.15041204771833
3,95,1,25,1,23.0,248.71941655384282,11.414744744042256,-72.63552779400335,1.0,12.282076121218527
3,95,2,18,1,23.0,124.84733331295696,10.04165426837135,-69.21648104234364,1.0,11.070188137870549
3,96,0,42,1,23.0,385.9244859742307,8.743008159207807,-79.01585904559863,1.0,10.736336436466528
3,96,1,40,1,23.0,327.39674108379563,6.277672961913488,-75.94348400177046,1.0,14.843551216524105
3,96,2,34,0,23.0,413.3032180099397,5.46022473727631,-86.25675023640228,1.0,22.992132217673124
3,97,0,64,3,23.0,395.2732285109336,11.924700035488794,-79.7922749381898,1.0,15.005194849654789
3,97,1,62,2,0.0,128.63378969724042,-0.6893923364090538,-89.29787914815799,0.0,4.440145047853067
3,97,2,55,2,11.5,239.6070762878685,8.855341558251391,-82.7531949287944,1.0,13.927446263888232
3,98,0,27,1,23.0,638.1252572540486,9.744941000434999,-81.97203397324358,1.0,20.561103515426197
3,98,1,31,2,11.5,217.96861500138198,7.03833034567309,-84.6786446280055,1.0,16.489805961720137
3,98,2,18,0,23.0,119.65485964430472,23.284466348965445,-68.43250862471315,1.0,22.591343536964708
3,99,0,7,3,23.0,463.2856523882458,11.941094515355564,-79.77588045832303,1.0,22.013265889884412
3,99,1,54,2,23.0,181.15033245029238,19.16004099320823,-72.55693398047036,1.0,24.176660475707948
3,99,2,66,0,23.0,208.96445670725308,22.56546030326662,-69.15151467041197,1.0,26.190645032077445
3,100,0,26,3,23.0,204.06662676855768,17.342885627360946,-74.37408934631763,1.0,25.314370550063806
3,100,1,10,2,23.0,359.0146799162535,16.737440121591327,-74.97953485208726,1.0,26.396105750864198
3,100,2,60,0,23.0,134.1795215971509,28.837358116260894,-62.8796168574177,1.0,23.224546325734806
3,101,0,4,0,11.5,136.46091357407843,4.639445960767529,-81.61145300254319,1.0,8.07885816542459
3,101,1,61,2,23.0,129.60266904802876,29.488146399253164,-62.22882857442542,1.0,20.91397877903588
3,101,2,18,0,23.0,115.48036299579228,21.48905049738223,-64.94573558011149,1.0,18.432646112507882
3,102,0,37,1,23.0,393.9526745784014,14.083486251889692,-77.6334887217889,1.0,23.231616692728032
3,102,1,59,2,23.0,234.55997810990385,16.26459953233403,-75.45237544134454,1.0,26.05305894385716
3,102,2,36,0,23.0,461.79601873129565,11.716420937235227,-80.00055403644336,1.0,23.73276384340772
3,103,0,39,3,23.0,133.45652439868226,18.41020997258872,-73.30676500108987,1.0,23.03576012376353
3,103,1,48,2,23.0,279.7480679029857,16.04981897797191,-75.66715599570668,1.0,26.62185407248985
3,103,2,10,0,23.0,165.33794152610645,16.061390287306864,-75.65558468637172,1.0,25.088300596895944
3,104,0,45,3,23.0,518.3773596254592,7.081940296022036,-84.63503467765655,1.0,23.45789951088347
3,104,1,70,2,23.0,418.6112518037963,15.155381431648728,-76.56159354202985,1.0,25.708838008792046
3,104,2,60,0,23.0,134.14338719583205,24.64233893743499,-67.0746360362436,1.0,23.418228096105825
3,105,0,71,3,23.0,196.36544872998903,15.929905059199609,-75.78706991447899,1.0,22.1031004871777
3,105,1,61,2,23.0,123.39576228656942,11.411241483742618,-66.30636906205062,1.0,12.962796728451945
3,105,2,59,2,23.0,220.21177045328986,6.619438534636995,-72.02950861972552,1.0,12.147670074727953
3,106,0,38,3,23.0,316.02564344156815,10.637297888776562,-81.07967708490202,1.0,21.95998346088141
3,106,1,46,1,23.0,286.8592728446647,12.48718433312207,-79.22979064055652,1.0,26.189530683109744
3,106,2,65,0,23.0,676.9574419102123,11.68700196273091,-80.02997301094767,1.0,24.003438888402236
3,107,0,6,3,23.0,133.48179742453198,26.0606380387221,-65.65633693495649,1.0,21.924269782449272
3,107,1,56,2,23.0,289.56630003756993,14.386417807598288,-77.3305571660803,1.0,23.980473256110088
3,107,2,43,0,23.0,160.65147654700488,19.568674006151962,-72.14830096752662,1.0,28.402658182999865
3,108,0,40,3,23.0,510.2309607481858,11.15063808661745,-80.56633688706114,1.0,21.31293223379128
3,108,1,53,2,23.0,100.17544737943544,20.4615883807854,-71.25538659289319,1.0,23.432011106026764
3,108,2,26,0,23.0,154.13632957784287,26.20124315644482,-65.51573181723377,1.0,27.27452418145257
3,109,0,43,3,23.0,380.64668331326664,16.249578284557906,-75.46739668912068,1.0,21.86753278518176
3,109,1,25,2,23.0,291.3397905849486,18.658093775011974,-73.05888119866663,1.0,25.6896265182156
3,109,2,46,0,23.0,544.9730615001041,13.903255046116191,-77.8137199275624,1.0,24.8103166107049
3,110,0,28,3,23.0,362.8494241665002,12.764425803335563,-78.6575302442678,1.0,20.6552627346442
3,110,1,33,2,23.0,168.12789448785148,17.730218352653164,-73.98675662102542,1.0,22.843605146558602
3,111,0,45,3,23.0,524.8982939981174,11.432194819361916,-80.28478015431668,1.0,20.873611944033215
3,111,1,65,2,23.0,412.854018235258,6.553760776343674,-85.16321419733492,1.0,23.520724712295827
3,112,0,16,3,23.0,447.9166561352302,12.309480024737274,-79.40749494894132,1.0,19.72655340644601
3,112,1,51,2,23.0,319.96362089682447,14.163579598166283,-77.55339537551231,1.0,23.47860288980372
3,112,2,18,1,11.5,110.45641602834189,16.53159418122324,-75.18538079245533,1.0,19.588377000040687
3,113,0,12,3,23.0,349.55107744620005,10.104922103267999,-81.61205287041058,1.0,20.83651992669805
3,113,1,58,2,23.0,231.33233743425808,13.620821638759427,-78.09615333491917,1.0,27.105463227725178
3,113,2,26,0,23.0,139.90137005763373,24.954071366205053,-66.76290360747353,1.0,22.418472030805543
3,114,0,6,3,23.0,140.81107026269018,23.940197156723897,-67.7767778169547,1.0,21.367095406788522
3,114,1,1,2,23.0,292.66735758954513,10.811951104425916,-80.90502386925267,1.0,25.23611482836036
3,114,2,30,0,23.0,232.34764648275754,18.5709693017982,-73.14600567188039,1.0,25.08808022576281
3,115,0,64,3,23.0,459.5613396004479,14.97539610353006,-76.74157887014854,1.0,20.45569442218491
3,115,1,0,2,23.0,630.3196403244982,8.605812708909573,-83.111162264769,1.0,24.855140787362068
3,115,2,32,0,23.0,530.9272969586453,10.658744248671052,-81.05823072500753,1.0,25.15395760748956
3,116,0,5,3,23.0,338.2877835782598,12.792312853331264,-78.92466212034732,1.0,22.797222511763177
3,116,1,2,2,23.0,262.92220712122094,18.183952834713907,-73.53302213896468,1.0,24.08075170887009
3,116,2,47,0,23.0,157.93395547998685,21.624114143474426,-70.09286083020416,1.0,23.820293235549947
3,117,0,63,3,23.0,182.51885201197217,23.08577725755567,-68.63119771612291,1.0,21.679955649047
3,117,1,22,2,23.0,175.1797690817116,19.17060589734351,-72.54636907633508,1.0,22.215892457527424
3,117,2,42,0,23.0,549.4484393604836,5.010136502328779,-86.70683847134981,1.0,25.981989146863388
3,118,0,79,3,23.0,489.55976881267344,12.25583467762425,-79.46114029605434,1.0,21.011613569402893
3,118,1,7,2,23.0,449.20394840419965,9.42925624412117,-82.28771872955741,1.0,21.338784466735454
3,118,2,78,0,23.0,489.3706543021616,5.297210652820127,-86.41976432085846,1.0,23.174344084645806
3,119,0,58,3,23.0,289.08688669937914,13.041262524261874,-78.67571244941672,1.0,20.811245707300806
3,119,1,8,2,23.0,106.93419476152114,29.976239599527986,-61.7407353741506,1.0,23.651713756119342
3,119,2,10,0,23.0,197.62000952303,14.554001417299638,-77.16297355637894,1.0,22.81576219303146
3,120,0,32,3,23.0,452.59476206826577,12.947642670768264,-78.76933230291031,1.0,22.130876388150448
3,120,1,40,2,23.0,391.5997170856361,9.800256474671006,-81.91671849900759,1.0,25.639316094193905
3,120,2,18,0,23.0,117.50360268889908,25.53023205621928,-66.18674291745931,1.0,23.841668615570143
3,121,0,5,3,23.0,345.44452705135853,13.170620138443663,-78.54635483523494,1.0,21.75506292186767
3,121,1,30,2,23.0,181.10283528274775,24.52358552824451,-67.19338944543408,1.0,24.157229831256167
3,121,2,63,0,23.0,332.0200026185453,17.13786290456569,-74.5791120691129,1.0,19.872317891399714
3,122,0,46,3,23.0,529.3284627195826,4.076575903477416,-87.64039907020118,1.0,20.873936226701165
3,122,1,28,2,23.0,215.79147563606665,21.238294560161552,-70.47868041351704,1.0,24.41476888214057
3,122,2,70,0,23.0,434.35480462017233,9.603428068693715,-82.11354690498487,1.0,22.427365329286538
3,123,0,14,3,23.0,419.7715924819872,15.923663479980457,-75.79331149369813,1.0,20.788392684788192
3,123,1,44,2,23.0,194.3818074776529,14.883321982439572,-76.833652991239,1.0,23.938418347722592
3,123,2,18,0,23.0,122.2191697157706,27.357975626736653,-64.35899934694193,1.0,23.366577918994075
3,124,0,57,3,23.0,670.5514056417835,8.013398776391066,-83.70357619728752,1.0,20.753386267827413
3,124,1,6,2,23.0,258.9928091632756,15.424113308653107,-76.2928616650255,1.0,24.87443892166362
3,124,2,65,0,23.0,628.161250401876,8.014746753797029,-83.70222821988156,1.0,23.53755957712553
3,125,0,38,3,23.0,362.1343764334267,14.510674156982411,-77.20630081669619,1.0,21.401273388480245
3,125,1,0,2,23.0,603.409920693978,10.424525173375041,-81.29244980030356,1.0,22.275093457987676
3,125,2,21,0,23.0,374.6560496604779,16.13948597332159,-75.57748900035699,1.0,23.110669014020104
3,126,0,58,3,23.0,286.7262267113875,16.297418625238613,-75.41955634843998,1.0,20.27964550232435
3,126,1,33,2,23.0,218.66295972922194,17.460552966264853,-74.25642200741373,1.0,24.697481213450867
3,126,2,13,0,23.0,212.92363540201552,20.891421868513493,-70.8255531051651,1.0,22.409546166909042
3,127,0,41,3,23.0,456.31840121469736,9.428697251568417,-82.28827772211018,1.0,22.8848568478115
3,127,1,17,2,23.0,547.193371976206,15.4342112398548,-76.28276373382378,1.0,22.6548213254794
3,127,2,33,0,23.0,374.6919548682401,17.02519109682084,-74.69178387685774,1.0,22.99541019453246
3,128,0,26,3,23.0,126.51559402774971,20.3993158545084,-71.31765911917017,1.0,21.997775123185257
3,128,1,29,2,23.0,441.3377119262072,7.9068707362473045,-83.81010423743129,1.0,22.64244474228646
3,128,2,67,0,23.0,458.4468972428581,8.508934693684987,-83.2080402799936,1.0,21.746480654829384
3,129,0,12,3,23.0,390.1544408377345,8.651155027280245,-83.06581994639835,1.0,20.90648405434421
3,129,1,56,2,23.0,374.92937902235553,13.843126539523494,-77.8738484341551,1.0,23.960318081577334
3,129,2,36,0,23.0,464.93259303144623,10.050476702615502,-81.66649827106309,1.0,21.785630909764897
3,130,0,1,3,23.0,369.0613520839297,12.252570283941893,-79.4644046897367,1.0,21.08338139077734
3,130,1,19,2,23.0,400.71671417319993,17.937131737202293,-73.7798432364763,1.0,24.901641014957068
3,130,2,41,0,23.0,563.1724679924338,6.012330045931784,-85.70464492774681,1.0,20.768896675371707
3,131,0,4,3,23.0,243.89121885681092,22.777092525574997,-68.93988244810359,1.0,23.870013887240674
3,131,1,35,2,23.0,438.94269120959507,11.253742926163246,-80.46323204751533,1.0,24.4892336279841
3,131,2,42,0,23.0,542.649886467774,9.646290705921587,-82.070684267757,1.0,22.397677396446753
3,132,0,49,3,23.0,314.71016377693775,14.828889188232734,-76.88808578544587,1.0,24.399360726539783
3,132,1,1,2,23.0,330.3295550413658,15.518398614208024,-76.19857635947056,1.0,23.720720417550886
3,132,2,15,0,23.0,314.0651200284044,14.566199628873058,-77.15077534480554,1.0,21.794634769785535
3,133,0,3,3,23.0,442.6600821863816,15.737833103807562,-75.97914186987103,1.0,24.102633151660527
3,133,1,53,2,23.0,117.81182837614632,27.523610627371085,-64.1933643463075,1.0,23.693379997020223
3,133,2,28,0,23.0,363.9620872299812,7.229121257399505,-84.48785371627908,1.0,20.608960159435895
3,134,0,76,3,23.0,564.4468881700159,6.677692907038237,-85.03928206664035,1.0,20.024734412395887
3,134,1,54,2,23.0,263.95663037630646,16.51987899821379,-75.1970959754648,1.0,24.011041886473997
3,134,2,68,0,23.0,131.3600085718964,27.06180956235526,-64.65516541132332,1.0,22.687251327693165
3,135,0,7,3,23.0,487.46509875069296,11.842200024508777,-79.8747749491698,1.0,23.018691711508545
3,135,1,0,2,23.0,578.017487456064,9.611147055509795,-82.10582791816879,1.0,24.590552039203818
3,135,2,11,0,23.0,180.37481702318792,18.737686300195215,-72.97928867348338,1.0,21.601959234893194
3,136,0,42,3,23.0,497.74062469637363,14.242391700984466,-77.47458327269412,1.0,19.566480944821656
3,136,1,17,2,23.0,512.202635647413,14.767320317316976,-76.9496546563616,1.0,23.127636626465733
3,136,2,15,0,23.0,315.6479488943154,14.635434639361245,-77.08154033431734,1.0,21.79122770463177
3,137,0,71,3,23.0,317.22972187402723,12.470645562871281,-79.2463294108073,1.0,23.31225864152315
3,137,1,39,2,23.0,244.30305747266135,16.96707694303147,-74.74989803064713,1.0,22.079870193392033
3,137,2,34,0,23.0,517.975141293468,15.01089276321533,-76.70608221046325,1.0,24.03170400247885
3,138,0,51,3,23.0,494.89423130918635,5.808834563203346,-85.90814041047524,1.0,21.488273478411315
3,138,1,73,2,23.0,415.23505916282375,14.377440247451636,-77.33953472622694,1.0,22.89139271200378
3,138,2,49,0,23.0,414.83548703618084,12.119616965631346,-79.59735800804724,1.0,25.08848213017166
3,139,0,35,3,23.0,520.2379452662988,11.066970310893634,-80.65000466278497,1.0,20.651577460920183
3,139,1,5,2,23.0,390.9094821133865,8.429144115056479,-83.28783085862212,1.0,21.75856483699888
3,139,2,59,0,23.0,226.51874043185637,14.959813060340846,-76.75716191333775,1.0,24.399509237575245
3,140,0,36,3,23.0,523.0625103774823,2.7638687070712042,-88.95310626660738,0.0,20.43205023715035
3,140,1,20,2,23.0,260.6236594001037,13.418300978416033,-78.29867399526256,1.0,19.941875734806974
3,140,2,71,0,23.0,390.332424339151,17.53761950209467,-74.17935547158392,1.0,24.519598988407434
3,141,0,32,3,23.0,509.95618515639813,7.857530021650502,-83.85944495202808,1.0,20.344149669841634
3,141,1,5,2,23.0,393.01886303466193,13.127246849735052,-78.58972812394354,1.0,22.456882816258908
3,141,2,43,0,23.0,203.92821918165654,20.249900329531783,-71.4670746441468,1.0,23.674001285052533
3,142,0,69,3,23.0,494.698917858117,11.800095343749257,-79.91687962992934,1.0,20.774053648885577
3,142,1,5,2,23.0,394.1302176292876,9.443260487076495,-82.27371448660209,1.0,20.136772578088202
3,143,0,74,2,23.0,567.0947256710735,1.4317416286815443,-85.42663498261612,0.0,8.129559629804358
3,143,1,31,2,23.0,355.4957295063452,3.0458436904725836,-77.09890855358452,1.0,7.81198319993749
3,143,2,73,1,23.0,459.4239982959043,13.086349043354987,-78.6306259303236,1.0,21.259095229706233
3,144,0,30,1,23.0,251.48672623940388,10.652150066116954,-72.73945071313125,1.0,7.490178439835686
3,144,1,54,1,23.0,295.6414427219044,4.071783692998947,-81.48833500202011,1.0,7.121478931653105
3,144,2,79,0,23.0,579.0532346794796,13.73486140443475,-77.98211356924384,1.0,23.43583547999284
3,145,0,29,1,23.0,408.1503814441911,0.22110098857245838,-79.19060501454601,0.0,8.684374325739673
3,145,1,45,1,23.0,604.7329689598888,4.329433450657716,-80.13835117187055,1.0,8.302990500898524
3,145,2,57,0,23.0,576.0787815027788,11.080702792894897,-80.63627218078369,1.0,21.134215659859805
3,146,0,59,1,23.0,260.40882020117743,8.94826055883431,-71.79392124849991,1.0,8.716917818724827
3,146,1,65,1,23.0,550.6635088734109,-3.1810213367868774,-94.68401224462583,0.0,9.091944184874889
3,146,2,63,0,23.0,295.6951514367516,15.717249874756899,-75.99972509892169,1.0,18.335145742567853
3,147,0,71,1,23.0,356.02419843767956,9.36789540736781,-76.65910777979695,1.0,7.9311537899772695
3,147,1,37,1,23.0,584.5067413591788,1.2412767346877736,-85.8074951496412,0.0,7.224257507635102
3,147,2,76,0,23.0,536.3490245883834,7.612997088144936,-84.10397788553365,1.0,23.972741559339234
3,148,0,11,1,23.0,237.56228441654332,7.033632457191836,-71.89080816426936,1.0,8.125430232064401
3,148,1,62,1,23.0,242.55206146725342,3.098501367172271,-73.92175935430764,1.0,7.339569944439251
3,148,2,50,0,23.0,223.56071773116017,19.482549827760973,-72.23442514591761,1.0,21.94211359012607
3,149,0,11,1,23.0,234.72263378772638,2.473413788317108,-72.66528194841024,0.0,7.984799802199003
3,149,1,78,1,23.0,597.6730426015366,1.8470225593774015,-84.01059225413711,0.0,10.018891366146661
3,149,2,10,0,23.0,288.2760925198151,14.90117514706127,-76.81579982661732,1.0,22.831485516118743
3,150,0,13,1,23.0,278.03700529169646,2.1814478228270904,-71.77263398980374,0.0,7.6983234541710175
3,150,1,67,1,23.0,535.9735761155023,8.656095807687242,-80.84480404863518,1.0,9.48863898841623
3,150,2,50,0,23.0,230.91569820214292,15.970082883700744,-75.74689208997783,1.0,21.906406200602632
3,151,0,62,2,11.5,249.37067181218202,6.8606538301019935,-84.8563211435766,1.0,9.86534902606702
3,151,1,64,1,23.0,589.690537302924,5.2116344809745305,-86.50534049270405,1.0,19.228869558846903
3,151,2,45,0,23.0,584.9148514368716,12.678389094757259,-79.03858587892132,1.0,21.05107194146654
3,152,0,38,1,23.0,435.757797729303,12.969890429151578,-78.74708454452701,1.0,22.422099990709945
3,152,1,16,2,23.0,595.720500680638,4.560854814555947,-87.15612015912264,1.0,21.6327376422744
3,152,2,58,0,23.0,299.0910821930091,15.44307168262912,-76.27390329104948,1.0,19.648870876860748
3,153,0,9,3,23.0,327.14887977692104,16.653998677684136,-75.06297629599445,1.0,22.0516489926638
3,153,1,39,2,23.0,237.38619347223664,15.3851459021025,-76.3318290715761,1.0,18.892102390558666
3,153,2,61,0,23.0,181.2186947220914,23.93750043260425,-67.77947454107434,1.0,22.676629297081753
3,154,0,75,3,23.0,552.1931650165359,6.4688938381810255,-85.24808113549756,1.0,21.959411334373648
3,154,1,71,2,23.0,367.71291778107025,15.370194039782138,-76.34678093389645,1.0,19.628092416507823
3,154,2,5,0,23.0,404.33778258792375,14.228812052002572,-77.48816292167602,1.0,22.204150473818352
3,155,0,20,3,23.0,285.7392763388071,15.785218253788383,-75.93175671989022,1.0,22.362714462684
3,155,1,14,2,23.0,526.1378532813553,7.991996455942677,-83.7249785177359,1.0,21.229500430896877
3,155,2,59,0,23.0,245.23924856206094,22.556477334668678,-69.16049763900992,1.0,22.69176038696867
3,156,0,12,3,23.0,451.7441874612368,16.422899428461314,-75.29407554521727,1.0,17.80095641943844
3,156,1,18,2,23.0,195.11889876761697,15.452361782070138,-76.26461319160845,1.0,22.447403756720718
3,156,2,67,0,23.0,535.9735761155023,10.953677372514107,-80.76329760116448,1.0,21.843550752549397
3,157,0,78,3,23.0,597.5167004190351,12.864134876590203,-78.85284009708839,1.0,22.60496598221637
3,157,1,75,2,23.0,552.1931650165359,7.405721810136148,-84.31125316354243,1.0,22.09527639329978
3,157,2,27,0,23.0,580.0208188289296,11.374233424324874,-80.34274154935372,1.0,19.47759753330042
3,158,0,4,3,23.0,316.63508793781375,10.02439467300049,-81.6925803006781,1.0,22.01952016367996
3,158,1,37,2,23.0,576.3912283110069,9.049758117348194,-82.66721685633038,1.0,22.904884908238746
3,158,2,64,0,23.0,589.690537302924,10.66433531979511,-81.05263965388347,1.0,21.916309048736217
3,159,0,67,3,23.0,535.9735761155023,12.877685621106467,-78.83928935257214,1.0,22.59624621333841
3,159,1,28,2,23.0,308.63743431794524,18.546418440043595,-73.170556533635,1.0,23.095550660674178
3,159,2,29,0,23.0,425.7729620558825,11.628256764778044,-80.08871820890053,1.0,20.571523794269407
4,0,0,34,0,0.0,756.3038814619001,-23.09559100915896,-114.81256598283755,0.0,3.8327732120108653
4,0,1,51,3,0.0,160.15530101564443,-3.291445501908119,-94.59416493763209,0.0,3.44996996941173
4,0,2,55,3,23.0,373.9090205604779,11.623287207651886,-80.00885822299753,1.0,7.561887118647302
4,1,0,37,2,0.0,153.2514345944882,2.245639503117273,-89.47133547056131,0.0,3.639906014297506
4,1,1,23,1,23.0,912.2298278495147,-5.720084573308892,-97.43705954698748,0.0,11.697967762383339
4,1,2,0,0,0.0,104.43051430598827,-1.203612384597566,-92.92058735827615,0.0,4.059433583418843
4,2,0,12,0,11.5,373.32745714741924,-2.980380268272018,-93.81505736591984,0.0,7.665278797631315
4,2,1,19,0,0.0,146.2092712008743,-1.8983934556905824,-91.67510294641122,0.0,3.0543526075959044
4,2,2,28,0,23.0,854.0623930668886,-5.125239948358179,-95.60512639057991,0.0,7.062061621864904
4,3,0,68,0,0.0,547.2306707524046,-12.9079113704226,-104.62488634410118,0.0,1.3024869865882713
4,3,1,56,3,0.0,159.26604733948847,5.22811336025624,-86.48886161342234,1.0,1.5125550382553823
4,3,2,59,1,0.0,511.8522014060168,-10.209625937974769,-101.92660091165337,0.0,0.722503134104866
4,4,0,35,1,23.0,1056.3764750263547,2.6036258174274822,-89.1133491562511,0.0,9.779586160845735
4,4,1,65,3,0.0,87.28875438200532,-3.8512048607164817,-95.56817983439507,0.0,3.758851039383701
4,4,2,0,2,11.5,98.08093635049815,14.301923236549204,-77.41505173712939,1.0,9.557843474527415
4,5,0,48,0,23.0,658.7325767168987,6.531010028154811,-85.18596494552378,1.0,13.227236558255905
4,5,1,19,3,11.5,136.52682681063683,-0.5654222758697346,-92.28239724954832,0.0,11.740569113919014
4,5,2,18,2,11.5,433.1212216009577,2.7493600795377398,-88.96761489414084,0.0,10.130886386443613
4,6,0,79,2,23.0,506.57025587894145,10.867600926413068,-80.84937404726553,1.0,12.985721415116739
4,6,1,51,0,11.5,139.94318615022206,13.190977825592562,-78.2020780875992,1.0,12.07486510144541
4,6,2,67,0,11.5,252.46710220596015,8.92718660746416,-82.74114501348983,1.0,7.947418485411749
4,7,0,38,0,0.0,351.9314459264453,-19.097636185493155,-110.8135859287317,0.0,1.482243211275787
4,7,1,57,3,0.0,336.4152780744985,-8.584877401469551,-100.30185237514814,0.0,1.3652265238182022
4,7,2,34,0,0.0,379.92032282255536,-17.30022606651144,-108.9902062780302,0.0,1.4002878611730154
4,8,0,16,2,11.5,121.44804248755231,-4.185211927156585,-95.57445523528656,0.0,5.061905757661279
4,8,1,56,0,0.0,142.32833520617962,3.5561120613980184,-88.16086291228058,1.0,3.2708212388444102
4,8,2,15,2,11.5,567.177512701055,-4.456952417003305,-94.9156670859965,0.0,4.46158240196223
4,9,0,58,0,23.0,557.5407075392592,6.869901494426345,-84.84707347925224,1.0,11.48943933710903
4,9,1,46,2,0.0,147.4963533949752,-1.842298827169249,-93.55927380084785,0.0,3.4317154803029943
4,9,2,66,3,0.0,472.2246103605887,-10.942601036358898,-102.65957601003748,0.0,4.2242902481122755
4,10,0,64,2,0.0,191.78558357603276,-8.847199372429635,-100.56417434610822,0.0,3.7171282152213805
4,10,1,35,0,11.5,492.0398835899649,-3.5578512864867107,-95.2748262601653,0.0,4.8629229548755415
4,10,2,78,1,0.0,291.02828657061536,-9.798071422796967,-101.51504639647555,0.0,2.191857130805063
4,11,0,29,0,11.5,265.99457481754104,-1.1430941389898703,-92.86006911266846,0.0,9.073859430595657
4,11,1,54,3,0.0,336.6433654747872,-9.179155428221483,-100.43831141902967,0.0,3.0992433304909968
4,11,2,17,3,23.0,426.65032905776405,2.9591941248067357,-88.75280036116729,0.0,9.531070829160031
4,12,0,17,0,23.0,601.9722068057757,8.880664531824959,-82.29492461578033,1.0,10.927075071115055
4,12,1,76,0,23.0,1023.7176647361093,-1.9042844177529494,-93.1293165540942,0.0,12.752241992049814
4,12,2,67,3,0.0,244.5512336665842,-0.3207573568575083,-92.0377323305361,0.0,4.728510492692238
4,13,1,47,3,23.0,743.0645367650042,4.060156525691596,-87.65681844798699,1.0,12.936482340522328
4,14,0,64,1,11.5,192.255267219912,5.436239130183736,-86.28073584349485,1.0,4.0705830328951915
4,14,1,56,2,0.0,123.22082779897552,-2.3040603754534477,-93.96066864762979,0.0,2.6868404027408994
4,14,2,11,2,0.0,352.71836541112157,-6.329010520402859,-97.90494509817586,0.0,2.6942748946737693
4,15,0,79,2,0.0,490.32621786517814,-16.58966381744709,-108.30663879112569,0.0,1.0186201949620624
4,15,1,25,1,0.0,225.06139508659743,-12.52042460819046,-104.23739958186906,0.0,1.8368423323160565
4,15,2,55,0,0.0,327.6984034097963,-9.548854412922305,-101.2658293866009,0.0,1.1176062916433083
4,16,0,8,3,11.5,677.9105576425374,-13.911503299285506,-105.62847827296409,0.0,4.337209359410026
4,16,1,28,1,0.0,299.16441889112656,-2.5814686513902334,-94.29844362506883,0.0,2.800565925924629
4,16,2,10,2,0.0,327.110480693786,-9.575581484623758,-101.29255645830233,0.0,1.9343364050881051
4,17,0,18,0,11.5,690.2736531211223,-8.975967171401697,-100.21345932026253,0.0,8.334273305257609
4,17,1,31,1,11.5,262.3850287205626,3.4249938992219415,-88.29198107445664,1.0,6.642869136839637
4,17,2,35,0,0.0,543.9159582502144,-9.713834438397532,-101.3833793085216,0.0,2.1201331797303347
4,18,0,32,3,0.0,370.67394186068503,-19.540672998028754,-111.25712105643481,0.0,1.4374147905559853
4,18,1,22,2,0.0,297.4833178073913,-18.224783803919376,-109.94175877759795,0.0,1.6378908586372363
4,18,2,50,3,0.0,327.51512769826564,-6.853451477394491,-98.49755002754364,0.0,1.0421428771933494
4,19,0,49,2,11.5,181.40232778787686,9.824277740563533,-81.89269723311506,1.0,13.604709225905061
4,19,1,35,3,23.0,471.48536031835687,5.0454971565557685,-86.66592133935697,1.0,14.73599052529887
4,20,0,3,3,23.0,580.4719430974061,6.070828456733843,-85.64614651694475,1.0,11.491166360113658
4,20,1,19,0,0.0,96.28962409541201,-3.757272530457725,-95.47424750413632,0.0,7.847140791480671
4,20,2,26,1,0.0,477.8795117245713,-8.79069488177498,-100.50766985545357,0.0,2.8334963522281083
4,21,0,58,2,23.0,516.9539764282652,5.991772102030387,-84.74788536216708,1.0,14.613615591543667
4,21,1,46,2,0.0,113.68289780222352,2.0063226835427312,-86.5289220315083,0.0,6.846940426788249
4,21,2,34,0,23.0,362.9116427158037,9.840547656927898,-81.87642731675069,1.0,14.99896482669594
4,22,0,4,0,0.0,220.89825090201236,-10.647506869353112,-102.36448184303168,0.0,4.245776158043117
4,22,1,60,1,11.5,565.44724501317,-5.649177656464763,-96.75524611799631,0.0,4.848302935244128
4,22,2,67,1,0.0,236.23735142254188,0.9471615751445572,-90.641275186321,0.0,2.4380205433925
4,23,0,27,0,23.0,813.443262056907,7.135015418023648,-84.5710344156278,1.0,12.723724639771811
4,23,1,72,3,11.5,238.46643653273776,10.048347732286881,-81.6686272413917,1.0,13.736340833801878
4,23,2,0,0,0.0,90.35527583293828,3.573590790865038,-86.46572061303978,1.0,8.551809014847157
4,24,0,57,0,23.0,1049.1993196820797,-1.7745410517770082,-92.22904198877379,0.0,12.077751753047432
4,24,1,21,1,11.5,330.28684974292906,7.6576011725886985,-84.05937380108989,1.0,15.314259113085912
4,24,2,42,0,23.0,714.4443510675384,0.5484573819711448,-87.31845260342456,0.0,10.901049840624774
4,25,0,52,0,11.5,591.4400219341528,-1.7243282529853357,-93.44130322666393,0.0,7.82094852700877
4,25,1,27,1,11.5,243.20590784395276,4.4997417690543715,-86.46356309212987,1.0,7.951251957441968
4,25,2,78,1,11.5,289.61274707077496,-1.3015692168407258,-92.82507357408147,0.0,6.302063950251887
4,26,0,38,1,11.5,308.11173608619345,1.1244579985230396,-90.59251697515555,0.0,4.634242130299599
4,26,1,57,0,0.0,323.5016122558915,-7.016654992995556,-98.72577964681443,0.0,3.4938554461493534
4,26,2,0,0,0.0,94.81673706695251,3.432651803194698,-88.15544960190937,1.0,2.214522633748406
4,27,0,64,0,0.0,202.69266222276244,2.7037143828542747,-89.0132605908243,0.0,9.434815448706281
4,27,1,15,1,23.0,371.4504878760541,14.807346768108854,-76.90962820556975,1.0,14.247549045910247
4,27,2,0,3,11.5,96.58981768497145,11.825424925799657,-79.89155004787892,1.0,8.60889831933847
4,28,0,14,3,11.5,87.40715709733371,19.567592861409075,-72.14938211226952,1.0,7.729711996218953
4,28,1,51,2,0.0,84.84969067068221,2.1502767804240026,-89.56669819325458,0.0,4.215305299935563
4,28,2,77,0,11.5,568.968363239345,-4.434900801282687,-96.15187577496128,0.0,5.221718247084234
4,29,0,39,3,0.0,316.8472601173538,-11.095149978123732,-102.81212495180233,0.0,2.590823944398174
4,29,1,72,0,0.0,216.10747137459512,-4.750820558306633,-96.46779553198522,0.0,3.232968614476899
4,29,2,66,1,11.5,400.93015001859305,4.707667633196405,-87.0093073404822,1.0,4.396168811373601
4,30,0,64,1,0.0,206.89030571440782,-2.0057174487194254,-90.82841904149204,0.0,3.626237266970056
4,30,1,46,2,11.5,96.56226744247638,20.64999525474596,-71.06697971893263,1.0,16.4958537391375
4,30,2,52,1,23.0,561.1142786996346,7.464530230812546,-83.98494679418715,1.0,11.153219178753847
4,31,0,16,2,11.5,161.3990038557735,16.161860747884024,-75.55511422579457,1.0,13.82499701340251
4,31,1,46,0,11.5,95.31171881056186,11.318488359925553,-76.77377733094785,1.0,11.121289638638439
4,31,2,66,0,23.0,393.9846132151656,10.54302209795938,-80.15977648644152,1.0,11.212206814040366
4,32,0,29,0,23.0,218.64083671750302,17.100824353733344,-74.61615061994524,1.0,13.138778253141133
4,32,1,51,2,0.0,81.31248332545955,0.9988232776934025,-89.23450957359549,0.0,7.216964465973217
4,32,2,44,2,11.5,617.6316825245593,-1.925538263306095,-93.63819226486059,0.0,7.648475241563262
4,33,0,37,0,23.0,172.88366333905682,21.05702204804711,-69.25872426231095,1.0,11.10237106500006
4,33,1,59,0,23.0,420.5006169803949,-0.8655982566667043,-86.23906270656644,0.0,15.650646874559126
4,34,0,4,0,23.0,177.0552894786369,12.876780195631689,-77.62387881236427,1.0,12.630042226490435
4,34,1,54,0,11.5,261.4679777121163,-0.7239413580811396,-85.22654421262067,0.0,7.839666493906074
4,35,0,12,0,11.5,305.089515439273,-4.718298571028095,-95.5811754001398,0.0,6.980957786554106
4,35,1,20,0,11.5,342.11277190730556,1.3532985945332812,-90.0782684214119,0.0,7.121511139768613
4,35,2,34,0,11.5,354.0371013661869,-4.015763349898778,-93.80807820832419,0.0,6.103111056977153
4,36,0,68,2,11.5,417.1428879970179,-1.697586703110502,-93.4145616767891,0.0,6.560362908746602
4,36,1,7,0,11.5,451.22840509814483,-2.065234511262253,-93.78220948494084,0.0,8.352907861072836
4,36,2,0,3,0.0,117.5755338152788,5.191498558086979,-86.52547641559161,1.0,5.831875654322489
4,37,0,75,3,11.5,130.6705657279606,-2.8508575947475903,-94.56783256842618,0.0,7.692434183499062
4,37,1,19,0,11.5,85.78320317609052,15.493069691635029,-76.22390528204356,1.0,9.798141570697025
4,37,2,1,2,11.5,816.3576989073929,-7.487221247068741,-99.20419622074735,0.0,7.633074996871281
4,38,0,14,3,0.0,108.55427180398429,0.6722282101512571,-89.94354718383867,0.0,3.375263966833674
4,38,1,43,3,23.0,466.2760416945782,15.462002115211932,-76.23579758913962,1.0,14.455029033579503
4,38,2,45,2,0.0,533.7078765386289,-16.55445144138856,-108.27142641506714,0.0,0.1477164214979952
4,39,0,68,1,23.0,405.3780346861192,3.657085040587302,-83.33593399431813,1.0,11.306881871053328
4,39,1,65,1,11.5,143.391723168879,-5.827031899878072,-96.22484568526133,0.0,10.4920715045003
4,39,2,0,1,11.5,126.08784203532478,0.7586947225366474,-87.79179567069937,0.0,7.500738378276839
4,40,0,29,0,11.5,206.81688913677203,-1.6940218559372735,-93.33141607882484,0.0,9.866545295173323
4,40,1,56,1,11.5,80.67288561865584,17.940699230815934,-73.77627574286265,1.0,10.42917376591417
4,40,2,11,0,11.5,255.24198926822586,2.9283404892836904,-86.93556175403289,0.0,6.3091821574202145
4,41,0,29,0,11.5,205.64144013591257,3.695503633860069,-88.02147133981853,1.0,9.652668819753384
4,41,1,46,1,11.5,91.89584447915169,14.208117213389169,-77.50885776028943,1.0,15.568266689217191
4,41,2,5,2,23.0,833.7459457663376,4.211231586896544,-87.50574338678204,1.0,14.599309091914922
4,42,0,74,3,11.5,459.6037843794794,-0.531440734079922,-92.24841570775851,0.0,6.838483645917361
4,42,1,62,1,11.5,253.42719330341018,0.938773202033631,-90.77820177164496,0.0,8.414017886275829
4,42,2,13,2,0.0,280.3571262107225,-5.285060355371178,-97.00203532904978,0.0,3.340760009373724
4,43,0,37,3,11.5,196.49331588724522,9.31808431732512,-82.39889065635347,1.0,14.731183475381378
4,43,1,44,0,11.5,187.5555150700475,1.489477326169343,-81.44942229594844,0.0,9.721741149799158
4,43,2,15,0,23.0,457.04671655385823,1.6660391438102864,-82.11134429915687,0.0,13.478190433908702
4,44,0,32,0,11.5,350.6771809475583,-1.1576181272091053,-92.12530979687436,0.0,10.174679138414977
4,44,1,72,1,11.5,162.27425477311377,14.694131335154184,-77.0228436385244,1.0,15.645924259518749
4,44,2,44,0,23.0,575.2878834708853,8.779818637677966,-82.83976600638334,1.0,12.104659022130395
4,45,0,75,3,0.0,154.96137087676425,2.0104360415126408,-89.70653893216594,0.0,3.994038214655953
4,45,1,9,1,11.5,382.01773660690685,2.6172863000171342,-89.09968867366146,0.0,15.342715465469988
4,45,2,12,0,23.0,852.4061678985903,1.268192147602788,-90.44878282607581,0.0,11.622872536361651
4,46,0,22,0,23.0,542.2473737483559,13.460708847262623,-78.25626612641597,1.0,16.754291129406568
4,46,1,46,3,0.0,96.56659607489976,-0.6084714712638407,-87.88551960052214,0.0,7.167920841747166
4,46,2,52,3,23.0,499.5913162191524,8.33732339617321,-83.0978907863774,1.0,16.454013129997502
4,47,0,64,3,0.0,240.80324717485135,-3.733521292438427,-95.45049626611701,0.0,2.775182863361029
4,47,1,69,0,11.5,279.05426498238046,-0.25492106915468654,-91.97146658429557,0.0,7.936744397324203
4,47,2,17,0,0.0,360.4235186667103,-5.638253795122957,-97.28215898170109,0.0,0.8061791857816153
4,48,0,21,1,11.5,768.4345879225467,-4.646132571191846,-96.36310754487043,0.0,4.374212145822903
4,48,1,72,2,0.0,148.71807438809256,-11.023885025943091,-102.74085999962168,0.0,2.563560107589504
4,48,2,47,0,0.0,161.7318446340564,1.9262383431877659,-89.79073663049081,0.0,2.518450760148387
4,49,0,14,3,11.5,141.55723444407266,6.987825141189178,-84.72914983248941,1.0,15.150613919675763
4,49,1,41,2,23.0,410.11421103425414,6.748814335833573,-84.96816063784502,1.0,17.631788413506968
4,49,2,76,0,11.5,215.49321309671706,9.476434926010832,-82.24054004766776,1.0,9.844428652022202
4,50,0,70,1,11.5,161.2673082064106,11.402984617446517,-80.31399035623208,1.0,15.35863282611752
4,50,1,45,0,23.0,982.678477297588,3.8065311659219287,-87.91044380775666,1.0,19.102148691123194
4,50,2,3,3,11.5,357.2110787175625,2.6058193168320614,-89.11115565684653,0.0,10.487925024806875
4,51,0,58,1,23.0,422.34564837232494,9.403579494402363,-79.4790531836922,1.0,11.628475887121368
4,51,1,46,1,0.0,104.90647607487945,-2.785999975591489,-87.99134242113878,0.0,3.041123523317948
4,51,2,67,1,23.0,249.6240155375207,12.544242954584927,-73.75819606298478,1.0,8.739679665663244
4,52,0,19,1,23.0,743.141038705021,7.451271261358641,-82.87743617452426,1.0,12.760380346857424
4,52,1,72,1,0.0,135.69523771022705,-4.582998679242351,-96.17084454983586,0.0,5.131444373736241
4,52,2,15,1,11.5,431.5348643664965,-2.523110537096223,-93.8414515881613,0.0,5.01275357044871
4,53,0,6,2,11.5,234.5481672749912,9.077776280808097,-82.37420946902489,1.0,6.901860070735335
4,53,1,2,2,0.0,98.81486647429985,0.45225643654800174,-89.77347558077918,0.0,3.1874363043530565
4,53,2,17,3,11.5,353.9061284134417,-0.239505732821428,-91.95648070650002,0.0,6.068975089877284
4,54,0,29,2,0.0,197.22498167741185,3.4325292849287186,-88.17175055969683,1.0,4.142235035337761
4,54,1,27,3,11.5,280.9500349108901,8.612201042220807,-83.10477393145777,1.0,8.37243147513973
4,54,2,6,2,0.0,588.5641389010154,-12.096186364304273,-103.68602377434033,0.0,1.6081333802475488
4,55,0,63,1,23.0,170.98461209437167,3.279704128071767,-82.55001179711465,1.0,15.04106156631207
4,55,1,56,2,11.5,106.50426271420353,11.85532038453739,-79.86165458914121,1.0,15.507503791215555
4,55,2,43,1,23.0,270.6106258919617,14.518926580393769,-71.32151154410676,1.0,9.593693255459488
4,56,0,12,3,23.0,285.9439379154211,17.398846085383884,-73.9828911222873,1.0,13.10537277973925
4,56,1,61,3,11.5,264.08928539014573,4.8590806678852365,-86.85306579135273,1.0,10.409599393815713
4,57,0,4,2,11.5,103.8634066320855,15.089125464313256,-76.62784950936533,1.0,22.96980788650933
4,57,1,7,3,23.0,427.3689703647692,10.246420312653088,-81.4705546610255,1.0,21.390621070870097
4,57,2,74,1,23.0,572.3148348021682,6.59157099799531,-85.12540397568328,1.0,19.483823108104207
4,58,0,4,3,0.0,101.37875563427922,2.7666518081550606,-88.72494903615544,0.0,3.429158588374297
4,58,1,54,3,11.5,198.73431312444217,6.99361801577027,-84.51800270757175,1.0,9.33802709064546
4,58,2,16,0,11.5,804.7326973221687,-4.948074433854021,-96.66504940753262,0.0,6.874531445567008
4,59,0,6,0,11.5,215.10930875568607,7.626807748639126,-84.09016722503947,1.0,7.425898973559599
4,59,1,2,2,0.0,99.72995750079761,-0.12280881926044464,-91.83978379293903,0.0,4.014452145882792
4,59,2,47,3,11.5,126.20934305438774,2.7221078285911355,-88.99486714508745,0.0,5.938122540916869
4,60,0,79,0,11.5,445.34444966737794,-1.8576429366885314,-93.57461791036712,0.0,15.663586984329102
4,60,1,51,2,11.5,129.7438611574818,16.531584840074515,-75.18539013360407,1.0,17.253637837745742
4,60,2,30,3,23.0,365.8734267819227,14.660838607651872,-77.05613636602672,1.0,14.930271330008377
4,61,0,49,0,11.5,98.87471213863988,7.578599592368176,-76.50059552363116,1.0,5.834214792095951
4,61,1,56,0,23.0,123.66557878891858,10.005333291528789,-76.32449925346941,1.0,15.858453692617925
4,61,2,55,0,23.0,229.9035883783017,8.733625645492795,-78.05187910816738,1.0,10.610158705084238
4,62,0,64,1,0.0,281.1807608073565,-8.88407623352937,-100.60105120720795,0.0,2.6544552206992913
4,62,1,19,3,11.5,146.10140335707698,4.928539970669862,-86.78843500300873,1.0,8.000562306267671
4,62,2,0,2,0.0,203.39092092360113,-5.856493452604687,-97.57346842628328,0.0,3.1904283060955194
4,63,0,71,0,0.0,82.54422473236791,4.319322404691222,-87.39765256898737,1.0,9.339926244663356
4,63,1,51,2,11.5,139.34366494851471,1.2347332772469337,-82.6402471516264,0.0,11.401093619649107
4,63,2,17,2,23.0,346.48271615780476,8.420729308904884,-83.27916116489484,1.0,11.816965019647661
4,64,0,6,2,11.5,199.66970559174038,3.225110058847082,-88.20073558782353,1.0,8.044854206750182
4,64,1,61,1,11.5,235.78480720712088,5.8952659727879215,-85.82170900089066,1.0,13.589468358979596
4,64,2,43,2,23.0,242.55018666299065,7.739386735501121,-83.68089826634414,1.0,13.534929797264347
4,65,0,16,2,23.0,271.59161098199314,9.028950700714647,-82.68802427296394,1.0,15.746513579308807
4,65,1,73,1,11.5,225.05639739959483,6.697089858030203,-85.01988511564839,1.0,15.424818112176386
4,66,1,69,0,23.0,288.51779991483164,15.593481228387278,-76.04339158955995,1.0,21.027048872406457
4,66,2,23,1,23.0,407.30935523366486,12.341029078585535,-79.37594589509305,1.0,17.745033001866815
4,67,0,6,0,0.0,190.81293798308909,-7.655905715373692,-99.3728806890523,0.0,4.04900756061267
4,67,1,2,1,0.0,109.45461710444418,-3.7902527166183857,-95.50722769029697,0.0,3.440075083767357
4,67,2,11,3,11.5,162.79865460639238,11.467908585670564,-80.24906638800802,1.0,6.116717916105209
4,68,0,38,2,23.0,268.30953905576644,16.810710759366923,-74.90626421431166,1.0,16.534793094686922
4,68,1,24,1,11.5,332.1113055554845,2.185800904080975,-89.53117406959761,0.0,15.294954608451183
4,68,2,34,3,11.5,367.6421256700525,7.518288514030398,-84.19868645964819,1.0,12.844012327090294
4,69,0,32,0,11.5,359.8674685395782,3.4942576588645764,-88.222717314814,1.0,9.696132925727293
4,69,1,44,1,0.0,116.44920086820946,-1.4157812793879707,-93.13275625306656,0.0,5.114234466869682
4,69,2,6,2,23.0,530.4951424432801,9.924747899826489,-81.79222707385209,1.0,15.244021722456935
4,70,0,12,3,11.5,286.46143038284123,5.215824038176669,-86.50115093550191,1.0,13.647873822181948
4,70,1,32,2,23.0,842.3547944628934,6.0811939486098066,-85.63578102506878,1.0,19.87998198081874
4,70,2,10,1,11.5,170.41787998334752,6.515545118297367,-85.20142985538122,1.0,14.320519207258494
4,71,0,70,0,11.5,137.77157460287873,3.5118627312593382,-80.86859478651895,1.0,9.092539956665542
4,71,1,77,0,23.0,311.32689334621557,15.487379264537097,-74.60960713931065,1.0,20.415515751016976
4,71,2,30,3,23.0,331.69855757812746,10.750315503299426,-80.96665947037917,1.0,20.98795040933131
4,72,0,5,2,11.5,325.38225690036256,9.300163375824308,-82.41681159785428,1.0,15.00905481670239
4,72,1,44,1,11.5,111.61624871422356,4.072819183458385,-74.59611805928363,1.0,11.396056758443125
4,72,2,34,1,23.0,372.44979439622654,8.420735162587672,-82.15235459195873,1.0,13.070470511653944
4,73,0,68,3,11.5,273.4748989094045,4.41925422579298,-87.29772074788562,1.0,14.254238604266368
4,73,1,31,1,23.0,178.0319482166822,19.654048502793163,-71.99764715851958,1.0,18.849082247992598
4,74,1,14,1,23.0,720.6195302657546,6.987674938284072,-84.72930003539452,1.0,22.44278929158952
4,74,2,43,0,23.0,214.17546272426776,23.054511257809832,-68.52728713981998,1.0,18.689700743885627
4,75,0,75,3,0.0,261.28794059482374,-3.66567550557251,-95.3826504792511,0.0,3.3985957561786595
4,75,1,41,2,0.0,392.6043351594299,-9.451057746699124,-101.02126465356969,0.0,2.859150140154088
4,75,2,32,2,11.5,568.1991247713992,-7.98525087850061,-99.68589353816628,0.0,5.404609444482181
4,76,0,5,3,23.0,322.6333065675795,5.036442993069905,-73.39038604271221,1.0,10.88857200530077
4,76,1,15,3,23.0,260.15584785230345,9.955039083645222,-73.69209905339133,1.0,12.265387012163188
4,77,0,39,2,11.5,163.88343541117038,3.8700223125052746,-80.31383459557458,1.0,8.105036484085065
4,77,1,27,2,11.5,337.2825653109719,-1.4057241751352763,-89.58200095282051,0.0,8.169987229073477
4,77,2,37,2,23.0,719.0534967972034,2.752146754101025,-85.0435653153116,0.0,10.250357391701774
4,78,0,39,3,23.0,161.58531373178184,15.505926951900829,-65.23118464214264,1.0,14.762120579230682
4,78,1,2,3,23.0,134.61576906602977,3.161395770347528,-80.72210433980726,1.0,15.143706609642855
4,78,2,10,0,23.0,159.46400987656986,10.612751378557023,-81.10422359512157,1.0,20.998657739156986
4,79,0,74,0,0.0,462.36007466563797,-7.99799752513235,-99.71497249881094,0.0,1.0516550872053922
4,79,1,20,2,11.5,231.33312429828405,1.5450108435909486,-85.86979366049428,0.0,8.778418278900652
4,79,2,47,2,23.0,85.15705016782117,21.903615764703744,-69.64672436016582,1.0,13.717548043309804
4,80,0,63,3,11.5,126.8063403890489,10.999361873741263,-80.71761309993732,1.0,16.643980195942127
4,80,1,73,2,23.0,248.49862798269015,16.151132729349836,-75.56584224432875,1.0,23.282508818959684
4,80,2,49,0,23.0,597.3554190097291,10.549414332135052,-81.16756064154353,1.0,22.665375350589002
4,81,0,37,1,11.5,317.69938513621304,-2.7088469509766937,-94.41618804852176,0.0,12.128976467125115
4,81,1,31,2,23.0,185.95740425850553,11.1633766397448,-80.55359833393379,1.0,18.27347928345524
4,81,2,47,1,0.0,84.19035387258614,3.829502692603613,-87.69309081578085,1.0,8.849793343254897
4,82,0,38,2,0.0,277.2839658059486,-4.269125302786126,-95.98610027646471,0.0,2.282862413520796
4,82,1,2,3,0.0,145.9949645447522,1.0862824877126709,-90.63069248596592,0.0,4.631029302889021
4,82,2,30,0,23.0,300.0941548475641,11.426545177732823,-80.29042979594577,1.0,12.59151605466986
4,83,0,6,3,0.0,151.09170221596037,0.22459344153674649,-87.3617727924638,0.0,5.178908262563969
4,83,1,77,3,23.0,313.4726377966559,13.568973110946072,-78.11828471856191,1.0,20.533153153928026
4,83,2,66,1,23.0,237.91389643310052,16.15203480576995,-75.56494016790865,1.0,20.535480797173637
4,84,0,29,0,11.5,227.4048844384463,0.2088455495168392,-91.50812942416175,0.0,8.998832987517439
4,84,1,27,3,23.0,357.37785454050976,10.329640743896473,-81.32727811699554,1.0,18.217286877090373
4,85,0,12,2,11.5,298.8938353512647,5.474418896002627,-86.24255607767596,1.0,18.02187918548346
4,85,1,8,1,11.5,112.30185580524092,12.142303926635238,-76.42597523047007,1.0,8.712907341457745
4,85,2,45,1,23.0,509.9036967674441,2.5576572793614143,-88.14990335797657,0.0,12.682458237343193
4,86,0,26,0,23.0,252.72452289983565,14.183740639603426,-77.53323433407516,1.0,22.209978524819924
4,86,1,8,2,23.0,109.76837203593115,23.299201990249628,-68.41777298342896,1.0,24.634237470943198
4,86,2,32,3,23.0,553.6067841336594,7.987552055432857,-83.72942291824573,1.0,20.293445739266655
4,87,0,57,3,23.0,808.2572590388802,0.6584814428231514,-88.44794877084779,0.0,11.680045910553911
4,87,1,72,1,0.0,88.5683439675091,8.389819450980497,-83.32715552269809,1.0,14.901166897805668
4,87,2,62,3,23.0,368.193023206875,0.6963277194402917,-82.03903309639179,0.0,10.384705520691512
4,88,0,17,3,11.5,450.52916826564865,-1.4037556962533693,-90.96362833758138,0.0,9.32882149315626
4,88,1,40,2,23.0,309.6730350265203,7.370503987690289,-84.3464709859883,1.0,22.55713045152504
4,88,2,67,3,23.0,331.18338773925035,7.8514760917257505,-81.09621366960454,1.0,17.28146607315147
4,89,0,47,2,23.0,440.92585107181947,9.456320737378723,-82.26065423629987,1.0,18.411755890802393
4,89,1,22,3,11.5,123.40905286790006,15.458052565121251,-75.84797818208848,1.0,11.765664134026398
4,89,2,76,3,11.5,328.29826985097,5.633664322908508,-85.4854645992308,1.0,11.541189823629704
4,90,0,26,0,23.0,238.49372519333065,21.94773985486902,-69.76923511880956,1.0,24.02535336758735
4,90,1,8,2,23.0,100.5915017677361,23.647424075521958,-68.06955089815662,1.0,25.673359754777792
4,90,2,55,3,23.0,230.81959037633274,15.645380246300064,-76.07159472737851,1.0,24.655083614132703
4,91,0,6,0,23.0,138.23988233106087,20.024358760304555,-71.69261621337404,1.0,20.08898447843901
4,91,1,2,2,0.0,174.27294555549705,-4.756927886860464,-96.47390286053906,0.0,2.0711026487683006
4,91,2,11,1,23.0,108.33387093367399,25.614230096735838,-66.10274487694275,1.0,18.86670199286803
4,92,0,25,0,23.0,521.7536837149106,9.5276892189447,-82.1892857547339,1.0,16.854909038592595
4,92,1,2,3,11.5,177.58755770150518,13.011998743276074,-78.6642636440169,1.0,13.037646362638483
4,93,0,50,1,23.0,371.6330795647644,12.958814713601626,-78.75816026007696,1.0,20.460204484741308
4,93,1,44,0,0.0,113.16616604078776,4.534165769691787,-87.1828092039868,1.0,9.696714608903429
4,93,2,2,2,23.0,561.412228373328,6.4486451591782155,-85.26832981450036,1.0,17.500514789928072
4,94,0,64,0,23.0,384.8241701060453,8.877314685151731,-82.83966028852686,1.0,19.21410130086027
4,94,1,61,2,23.0,144.14209223550625,13.206643327965715,-77.77351049035809,1.0,21.722813030908068
4,94,2,11,2,11.5,105.76545181533405,4.7632687322282035,-74.01724881575036,1.0,10.449609902952504
4,95,0,23,0,23.0,240.0139789403671,20.76876840158201,-70.94820657209658,1.0,21.951999662673657
4,95,1,62,1,23.0,128.78052031976404,21.45479759412075,-70.26217737955784,1.0,25.75963401092031
4,95,2,17,3,23.0,353.43541442827245,6.7350514978777385,-84.98192347580085,1.0,25.252659571350023
4,96,0,69,0,23.0,529.6039652382237,2.773536903633041,-88.3426441254246,0.0,17.20007852899611
4,96,1,31,1,23.0,213.32867065267436,17.79146058765548,-73.92551438602311,1.0,24.97999315852545
4,96,2,11,0,11.5,104.78422083112969,6.471090238658855,-75.21443162310582,1.0,9.905947129656917
4,97,0,75,0,23.0,345.0094485955731,8.715732308561,-83.00124266511759,1.0,23.24423134068776
4,97,1,56,1,23.0,251.3668231541527,17.41621243392398,-74.3007625397546,1.0,25.31255803626848
4,97,2,46,3,23.0,576.9951241466888,15.380674193742923,-76.33630077993567,1.0,28.127006500369898
4,98,0,49,0,23.0,190.17690510264015,12.195986661202793,-79.52098831247581,1.0,19.461267028137346
4,98,1,1,2,11.5,271.1121493861453,8.685914092795834,-83.03106088088276,1.0,15.7655400295886
4,98,2,41,3,23.0,689.6222737393381,5.5175881819896775,-86.19938679168891,1.0,19.988983462783583
4,99,0,75,0,23.0,352.72379711228245,9.515561443781406,-80.34625435660067,1.0,16.543963582387832
4,99,1,69,2,23.0,346.44987125502644,3.175715478766585,-88.541259494912,1.0,22.831025070521694
4,99,2,11,0,11.5,104.45016104063586,11.355414065345428,-75.73079996171978,1.0,10.902782175428282
4,100,0,16,0,23.0,401.89261340608016,12.751438157261424,-78.96553681641717,1.0,23.686653976096906
4,100,1,75,1,23.0,661.6586673821356,6.431560608419979,-85.28541436525862,1.0,23.101105847659426
4,100,2,18,3,23.0,116.75146524673421,22.57577024690066,-69.14120472677793,1.0,24.664940025775763
4,101,0,0,0,23.0,654.3410219573133,0.8969777923089672,-83.38963477501665,0.0,11.967560236290971
4,101,1,35,0,23.0,401.5553423817276,2.7832798143673205,-85.48798543253372,0.0,15.250611879628295
4,101,2,7,3,23.0,703.0402596096083,5.480335218237274,-86.23663975544132,1.0,23.60951996923729
4,102,0,6,2,11.5,131.68680125942993,16.110014836501897,-75.60696013717669,1.0,16.10723008752445
4,102,1,54,1,23.0,185.5765904616581,27.30191792886068,-64.41505704481791,1.0,21.64296634011117
4,102,2,21,3,23.0,395.18468814107695,15.344194876453285,-76.3727800972253,1.0,21.358240718647675
4,103,1,43,1,23.0,269.27407974715805,14.122044991078294,-77.59492998260029,1.0,21.989467449542854
4,103,2,37,3,23.0,657.0105065668748,2.788020302744896,-88.92895467093369,0.0,19.760102984799964
4,104,0,45,1,11.5,518.3773596254592,1.2536790080264946,-87.63349330773048,0.0,11.583851986185588
4,104,1,1,1,23.0,277.6669620064696,15.409474497417905,-75.9637551121578,1.0,18.794288537297643
4,104,2,4,3,23.0,433.46259591936456,18.37575321238847,-73.34122176129013,1.0,22.026293460121767
4,105,0,15,1,23.0,501.0900962437637,-0.14723654861513275,-80.17305161734855,0.0,9.264567027614152
4,105,1,1,1,23.0,278.9452738993021,11.940717404365603,-73.48670880366609,1.0,11.860079496569501
4,105,2,18,3,23.0,111.69132750201423,27.44014201383208,-64.2768329598465,1.0,24.031432286929494
4,106,0,9,1,23.0,289.785646182274,16.637008716233037,-75.07996625744555,1.0,24.31285660616049
4,106,1,22,2,23.0,147.04796509146556,16.885758197272146,-74.83121677640645,1.0,25.666421715160126
4,106,2,77,3,23.0,428.4822126094613,9.865529647205445,-81.85144532647314,1.0,23.184011121950345
4,107,0,57,0,23.0,733.3237973954002,9.973318895241668,-81.74365607843691,1.0,22.935934065047928
4,107,1,51,1,23.0,300.65163607629586,17.214991533798273,-74.50198343988032,1.0,25.7392568281023
4,107,2,50,3,23.0,98.29933192235687,21.47374622102847,-70.24322875265013,1.0,24.302095217651228
4,108,0,23,0,11.5,246.86795800719523,9.435689998423374,-82.2812849752552,1.0,11.762211544744956
4,108,1,29,1,23.0,469.56191799620836,13.093164067534648,-78.62381090614393,1.0,21.996148037394182
4,108,2,32,3,23.0,534.1880975222757,14.270443269573331,-77.44653170410527,1.0,23.56362126663938
4,109,0,16,1,23.0,436.37073264612604,7.746972491331038,-77.23430141877341,1.0,9.64333072623558
4,109,1,25,1,23.0,291.3397905849486,5.763761048359176,-78.4157443118244,1.0,12.619885115291611
4,109,2,45,3,23.0,524.004142400176,6.712842046121292,-85.0041329275573,1.0,26.53850992074904
4,110,1,20,2,23.0,214.37808943203478,14.798264573065662,-76.72709226054255,1.0,21.346501983266027
4,110,2,54,3,23.0,457.55508753882594,6.725278773747091,-84.99169619993151,1.0,20.970334364632073
4,111,0,9,2,23.0,288.9206031348058,15.89584128910154,-75.82113368457705,1.0,20.57563985941775
4,111,1,54,1,23.0,202.5743193717839,15.055051224983183,-76.6619237486954,1.0,24.320052994438235
4,111,2,76,3,23.0,404.1560218407695,12.55460089356123,-79.16237408011736,1.0,23.821866198565736
4,112,0,49,0,23.0,239.95219654262692,11.71126214307867,-80.00571283059992,1.0,20.830503409098768
4,112,1,69,1,23.0,379.5873692769115,16.70747457632905,-75.00950039734954,1.0,25.309529153592003
4,112,2,55,3,23.0,267.48801645691367,17.11678339930028,-74.6001915743783,1.0,26.31189501887819
4,113,0,41,0,23.0,447.59723900631695,12.066568382724228,-79.65040659095436,1.0,22.495585924580055
4,113,1,35,1,23.0,412.7472474332357,12.441571610024674,-79.27540336365391,1.0,25.1758886223776
4,113,2,47,3,23.0,147.90772649085903,18.87566361307966,-72.84131136059892,1.0,22.058618425054835
4,114,1,4,1,23.0,408.79064907427176,9.32036309723421,-82.39661187644438,1.0,20.746973227840716
4,114,2,12,3,23.0,586.0714230407177,10.523284837817595,-81.193690135861,1.0,19.457473459842156
4,115,0,25,2,23.0,475.4915889212063,13.636715254424255,-78.08025971925433,1.0,19.724904573417085
4,115,1,72,1,23.0,166.17242480591233,23.72967612202961,-67.98729885164897,1.0,23.69226367318283
4,115,2,31,3,23.0,499.17569273884396,12.872392249942363,-78.84458272373622,1.0,26.72786905267087
4,116,0,58,0,23.0,290.9188628572153,12.631864168361595,-79.08511080531699,1.0,19.93709949662105
4,116,1,72,1,23.0,169.6564403073452,26.083556827571982,-65.31794934640722,1.0,17.58072551391308
4,116,2,78,1,11.5,482.9339775454875,-2.2023257778322156,-91.40292332332558,0.0,3.9031209394029167
4,117,0,70,0,23.0,230.00525847723623,13.113719035713885,-78.60325593796472,1.0,18.305900011910737
4,117,1,30,1,23.0,179.39514584461728,13.301251906134464,-71.0315723585368,1.0,18.12139165446623
4,117,2,43,1,11.5,163.1239795359207,1.7501893707986622,-74.76965222986307,0.0,7.947835117184955
4,118,0,65,0,23.0,635.0783151245324,6.657292539263388,-85.05968243441521,1.0,23.147741144088688
4,118,1,28,1,23.0,204.1031328223081,19.765279075283157,-71.95169589839543,1.0,22.400773772150842
4,118,2,27,3,23.0,686.190808080861,9.65863928157107,-82.05833569210752,1.0,23.56099005841599
4,119,0,49,0,23.0,265.77049746207325,15.22274007646563,-76.49423489721295,1.0,21.05187771889489
4,119,1,8,1,23.0,106.93419476152114,12.679756917335434,-79.03721805634316,1.0,22.635643036883476
4,119,2,18,3,23.0,116.16491313856385,23.92696755117443,-67.79000742250416,1.0,23.320579215281516
4,120,0,1,0,23.0,370.99177695526373,16.801454399944618,-74.91552057373397,1.0,21.875741108309025
4,120,1,24,1,23.0,399.3142042698715,5.575304833705622,-86.14167013997296,1.0,20.650438629587168
4,120,2,18,2,11.5,117.50360268889908,17.10102633746547,-74.61594863621312,1.0,20.27764089344906
4,121,0,34,0,23.0,552.1430043159439,8.131883332751345,-83.58509164092725,1.0,22.552034406161127
4,121,1,13,1,23.0,289.72760663131976,18.728369197536644,-72.98860577614194,1.0,24.876560429986988
4,121,2,16,3,23.0,646.466367788463,8.281335735308058,-83.43563923837053,1.0,24.52008772782451
4,122,0,0,0,23.0,601.4397505555926,11.41951062563617,-80.29746434804241,1.0,21.883070247661706
4,122,1,52,1,23.0,84.00641553981143,36.69325753669145,-55.023717436987155,1.0,23.206420748791945
4,122,2,60,3,23.0,155.84228480697652,22.455909055228457,-69.26106591845013,1.0,21.584781977079224
4,123,0,17,0,23.0,437.8714388653015,12.875881833019033,-78.84109314065955,1.0,24.08668198734101
4,123,1,73,1,23.0,365.34773608051637,14.802948280213972,-76.9140266934646,1.0,24.129066925920107
4,123,2,11,3,23.0,143.93978529662073,24.554562457277633,-67.16241251640096,1.0,24.41566434497857
4,124,0,31,0,23.0,402.70909333116737,5.529757839934507,-82.44236746581461,1.0,16.158988250863533
4,124,1,34,1,23.0,654.2211121588905,5.976441881719802,-85.74053309195878,1.0,20.44215413487882
4,124,2,51,0,11.5,525.923729290167,3.3421737134982377,-88.25972967923258,1.0,8.155350145899929
4,125,0,3,0,23.0,438.73708529733693,13.663027239916353,-78.05394773376223,1.0,20.653175683616908
4,125,1,7,1,23.0,459.99627717660064,12.427867008362771,-79.28910796531582,1.0,22.805936569171134
4,125,2,37,3,23.0,613.4478909550215,10.881939593185345,-80.83503538049325,1.0,23.95541267834855
4,126,0,71,0,23.0,274.95510481542453,13.368573470886368,-78.34840150279221,1.0,23.71091309088849
4,126,1,78,1,23.0,608.5579783635283,11.217474759084462,-80.49950021459412,1.0,22.6244209166695
4,126,2,37,3,23.0,611.6949045426423,10.489700203182128,-81.22727477049645,1.0,22.546928918419898
4,127,0,49,0,23.0,295.76363796922044,19.361892970551157,-72.35508200312744,1.0,22.219200638037066
4,127,1,8,1,23.0,128.58472485577227,22.029182882304884,-69.6877920913737,1.0,24.57614968013393
4,127,2,62,3,23.0,272.4984238248105,20.39489423068084,-71.32208074299776,1.0,22.240953526417364
4,128,0,4,0,23.0,232.59576966329797,15.969428229081545,-75.74754674459705,1.0,20.879702871898346
4,128,1,79,1,23.0,528.1684500824902,6.5790069827423405,-85.13796799093625,1.0,23.866547614334657
4,128,2,48,3,23.0,479.96338131374563,11.221564892022931,-80.49541008165565,1.0,23.937860075457312
4,129,0,27,0,23.0,595.476496038465,4.192947690198564,-87.52402728348002,1.0,21.565232783756894
4,129,1,73,1,23.0,384.9564166222933,8.894273567118931,-82.82270140655966,1.0,25.183984428969225
4,129,2,2,3,23.0,448.6040079507773,13.21744059125366,-78.49953438242493,1.0,21.373849689205702
4,130,0,39,0,23.0,176.95067284024665,17.162295302061537,-74.55467967161707,1.0,18.49184338187807
4,130,1,49,1,23.0,419.077114086759,12.018893105640556,-79.69808186803803,1.0,23.210984693295657
4,130,2,65,3,23.0,612.9129486499081,10.571161383164178,-81.14581359051441,1.0,23.515466643335177
4,131,0,46,0,23.0,504.5532210286121,9.566333593421726,-82.15064138025687,1.0,22.7072840522451
4,131,1,33,1,23.0,235.80027891520555,17.416254839865026,-74.30072013381356,1.0,23.021353931772442
4,131,2,18,3,23.0,139.14022512938826,27.512438344119783,-64.2045366295588,1.0,20.907563520861935
4,132,0,53,0,23.0,191.09288017438982,25.407131788110604,-66.30984318556798,1.0,20.83203009628416
4,132,2,66,3,23.0,207.0165051320745,14.999739665711951,-76.71723530796663,1.0,19.264486617250956
4,133,0,16,0,23.0,529.3040077083404,7.977178081208759,-83.70354618416384,1.0,17.088759206702992
4,133,2,71,3,23.0,407.7573170424617,9.84710539752138,-81.86986957615721,1.0,20.642972365441555
4,134,0,75,0,23.0,489.21246106195787,7.274637050238447,-84.44233792344015,1.0,18.90315427970266
4,134,1,38,2,11.5,494.28219695029804,2.7870746703542326,-88.92990030332436,0.0,7.938399307726792
4,134,2,14,3,23.0,562.0149875063145,12.047367037799807,-79.66960793587879,1.0,20.21036932192129
4,135,0,71,0,23.0,309.5076570194811,17.869061085965782,-73.84791388771279,1.0,22.69086017852511
4,135,1,45,2,23.0,644.4029208331468,7.402868784496689,-84.3141061891819,1.0,21.622143571428353
4,135,2,35,3,23.0,454.81878791290166,8.853901486416033,-82.86307348726255,1.0,22.78756362862949
4,136,0,39,0,23.0,193.59684885969256,27.001939426267892,-64.7150355474107,1.0,22.768041030574647
4,136,1,61,1,23.0,142.88595863866828,16.55686295423493,-75.16011201944366,1.0,21.675210851786996
4,136,2,4,3,23.0,346.0641569723285,16.974096219343963,-74.74287875433463,1.0,21.394368256316707
4,137,0,68,0,23.0,81.17456286248608,26.404025667825522,-65.31294930585305,1.0,25.48499839497855
4,137,1,12,1,23.0,447.6499601765368,7.613212305328021,-84.10376266835057,1.0,22.611494661225027
4,137,2,20,3,23.0,334.6601464283662,17.678774847922206,-74.03820012575638,1.0,19.603703887185905
4,138,0,7,0,23.0,491.33485669072087,11.873593623889855,-79.84338134978873,1.0,22.863013482052484
4,138,1,44,1,23.0,247.12980404887105,20.736539977988585,-70.98043499569,1.0,21.896340111361415
4,138,2,30,3,23.0,220.0820849487266,15.801598531124203,-75.91537644255439,1.0,22.263191574759247
4,139,0,55,0,23.0,413.00978196011744,10.754674742958919,-80.96230023071968,1.0,20.004696912504937
4,139,1,31,1,23.0,341.6764886422267,18.56645073933539,-73.15052423434321,1.0,23.852984127446746
4,139,2,78,3,23.0,559.396951052148,-0.6965958381472941,-92.41357081182588,0.0,22.1411494161743
4,140,0,72,0,23.0,314.93174187778243,14.061218925979361,-77.65575604769923,1.0,19.64600295099609
4,140,1,63,1,23.0,323.32698215271034,17.256247173297126,-74.46072780038148,1.0,24.28054280568728
4,140,2,44,3,23.0,304.5360040303161,16.5704009246199,-75.14657404905869,1.0,20.687760658870868
4,141,0,0,0,23.0,560.1645019706374,9.455063443069175,-82.26191153060941,1.0,23.08797491109344
4,141,1,10,1,23.0,295.0453554128419,14.780655200648582,-76.93631977303001,1.0,22.27185570261059
4,141,2,77,3,23.0,428.9511178027671,14.602886143124525,-77.11408883055407,1.0,20.242325993449185
4,142,0,51,0,23.0,485.7687012942247,10.368255950043094,-81.3487190236355,1.0,21.879730407827545
4,142,1,22,1,23.0,256.30036585301156,17.95658920725546,-73.76038576642314,1.0,22.285690117337584
4,142,2,13,3,23.0,254.16636752067208,12.725461518510883,-78.9915134551677,1.0,21.222537395661732
4,143,0,6,0,23.0,211.8027900936029,14.204377998897598,-77.51259697478099,1.0,20.143700555052746
4,143,1,26,1,23.0,137.43993368626354,30.236165836062877,-61.48080913761572,1.0,22.946898969089013
4,143,2,64,3,23.0,610.3976194310887,7.783942966255008,-83.93303200742358,1.0,21.709029316409158
4,144,0,37,0,23.0,553.2326190587211,4.253486587151091,-87.4634883865275,1.0,21.40805619679081
4,144,1,15,1,23.0,312.13082712831385,14.03098707451768,-77.6859878991609,1.0,21.64390230833851
4,144,2,36,3,23.0,477.3438791084643,8.105392319728882,-83.61158265394971,1.0,21.597459901922964
4,145,0,35,0,23.0,496.60381955129554,10.797295457817595,-80.91967951586099,1.0,21.985950639047317
4,145,1,30,1,23.0,217.35673101259448,22.05492941449958,-69.662045559179,1.0,21.429380092255208
4,145,2,38,3,23.0,433.94029962428857,17.40056650793739,-74.31640846574119,1.0,20.64525714037205
4,146,0,6,0,23.0,221.32782893725934,21.379501605079646,-70.33747336859895,1.0,23.164167026489707
4,146,1,44,1,23.0,276.4739800302051,12.216047849517205,-79.50092712416138,1.0,18.82320823612925
4,146,2,69,3,23.0,509.5437644167238,10.290722627955958,-81.42625234572263,1.0,22.659034394450497
4,147,0,64,0,23.0,578.3559859679511,3.018784495677359,-88.69819047800122,1.0,23.45488969248611
4,147,1,24,1,23.0,468.0833884515546,10.597838335942322,-81.11913663773628,1.0,19.810115036520855
4,147,2,79,3,23.0,567.2610004616249,13.384603032836806,-78.33237194084178,1.0,22.249988660068063
4,148,0,42,0,23.0,536.0710173593933,11.159064017202551,-80.55791095647604,1.0,22.217661680649996
4,148,1,19,1,23.0,471.37715869684536,11.647713761324056,-80.06926121235453,1.0,20.850411420634586
4,148,2,25,3,23.0,440.1770661878507,14.869908073087046,-76.84706690059156,1.0,24.170650194077844
4,149,0,74,0,23.0,581.7426530478225,5.614877831695195,-86.10209714198339,1.0,20.48381412697601
4,149,1,76,1,23.0,550.5741874499702,9.493040851693037,-82.22393412198555,1.0,20.614555280460603
4,149,2,31,3,23.0,383.29756776488153,14.569897991752182,-77.1470769819264,1.0,21.00243840646367
4,150,0,48,0,23.0,398.71435366534126,8.509494890658223,-83.20748008302036,1.0,20.160130905841978
4,150,1,77,1,23.0,436.39253776919736,12.373165520637734,-79.34380945304085,1.0,21.624713928758464
4,150,2,14,3,23.0,526.1378532813553,7.889869333944585,-83.82710563973401,1.0,20.373348350567287
4,151,0,5,0,23.0,404.33778258792375,13.557286601761877,-78.1596883719167,1.0,21.717070277619744
4,151,1,75,1,23.0,552.1931650165359,12.073503848193672,-79.64347112548492,1.0,20.469712598995194
4,151,2,15,3,23.0,327.3441243107188,11.196421162747459,-80.52055381093113,1.0,24.44001167203588
4,152,0,79,0,23.0,555.4776653445923,6.837267537261217,-84.87970743641738,1.0,22.19101234703589
4,152,1,39,1,23.0,237.38619347223664,21.905440839780034,-69.81153413389855,1.0,20.675459594179486
4,152,2,71,3,23.0,367.71291778107025,12.319262703572626,-79.39771227010596,1.0,22.3522671622449
4,153,0,76,0,23.0,547.633963847331,10.280625258222384,-81.43634971545622,1.0,20.429366278430987
4,153,1,46,1,23.0,457.176706944466,11.016604906931615,-80.70037006674697,1.0,24.6477203111397
4,153,2,65,3,23.0,566.4815704654304,9.819327372333493,-81.8976476013451,1.0,22.434372743930403
4,154,0,56,0,23.0,457.3457118605647,7.941275027964052,-83.77569994571454,1.0,22.96812908159798
4,154,1,9,1,23.0,327.14887977692104,16.51970253985485,-75.19727243382374,1.0,21.970183488029008
4,154,2,8,3,23.0,206.4024494887024,21.96436552494399,-69.7526094487346,1.0,22.653252272425817
4,155,0,65,0,23.0,566.4815704654304,4.92079864183998,-86.79617633183861,1.0,23.036562066959878
4,155,1,78,1,23.0,597.5167004190351,8.76914173769406,-82.94783323598453,1.0,20.24236863476014
4,155,2,20,3,23.0,285.7392763388071,16.72782481634173,-74.98915015733687,1.0,20.823652327403686
4,156,0,26,0,23.0,116.02949703082999,27.889932091080457,-63.827042882598136,1.0,22.120279439935047
4,156,1,33,1,23.0,304.1270154663692,12.939761965802425,-78.77721300787616,1.0,21.522653515497694
4,156,2,28,3,23.0,308.63743431794524,16.956877795802257,-74.76009717787633,1.0,21.84058723297486
4,157,0,42,0,23.0,542.6090090319806,12.669747678441844,-79.04722729523675,1.0,21.71643691457054
4,157,1,40,1,23.0,486.79819109989063,3.184315661472988,-88.53265931220561,1.0,22.78283645292319
4,157,2,28,3,23.0,308.63743431794524,10.190236188998798,-81.5267387846798,1.0,19.84201499510907
4,158,0,55,0,23.0,373.61856895078546,11.574521084574634,-80.14245388910396,1.0,23.08932553449017
4,158,1,29,1,23.0,425.7729620558825,14.62398425759323,-77.09299071608535,1.0,22.450399233763637
4,158,2,25,3,23.0,434.01306528953467,10.196211778983596,-81.520763194695,1.0,21.665808239775004
4,159,0,34,0,23.0,557.1697466019018,9.542625913868395,-82.1743490598102,1.0,23.418493236063163
4,159,1,54,1,23.0,315.560324844132,18.752164088305697,-72.9648108853729,1.0,21.046188315164933
4,159,2,68,3,23.0,93.55396831257114,32.50949285135148,-59.20748212232711,1.0,22.05440227598639
